BioID_0000.pgm,157,169,219,169,227,198,165,198
BioID_0001.pgm,149,164,209,162,217,193,157,195
BioID_0002.pgm,141,134,203,130,210,164,148,168
BioID_0003.pgm,145,146,207,144,213,178,151,180
BioID_0004.pgm,150,159,212,157,219,190,157,192
BioID_0005.pgm,147,156,209,152,218,186,156,190
BioID_0006.pgm,153,159,219,157,227,192,161,194
BioID_0007.pgm,144,156,208,154,217,189,153,191
BioID_0008.pgm,143,156,207,154,216,192,152,194
BioID_0009.pgm,144,174,208,172,217,203,153,205
BioID_0010.pgm,159,183,223,185,232,226,168,224
BioID_0011.pgm,132,171,210,171,220,213,142,213
BioID_0012.pgm,146,178,216,174,208,211,138,215
BioID_0013.pgm,130,182,204,180,212,215,138,217
BioID_0014.pgm,131,231,209,227,220,266,142,270
BioID_0015.pgm,136,203,212,201,222,241,146,243
BioID_0016.pgm,155,188,213,188,226,218,168,218
BioID_0017.pgm,152,182,212,182,218,214,158,214
BioID_0018.pgm,180,233,254,225,247,263,173,271
BioID_0019.pgm,120,201,186,201,195,229,129,229
BioID_0020.pgm,120,195,188,195,204,225,136,225
BioID_0021.pgm,130,200,196,200,205,244,139,244
BioID_0022.pgm,134,208,202,208,219,237,151,237
BioID_0023.pgm,126,189,194,189,209,215,141,215
BioID_0024.pgm,138,209,204,209,213,244,147,244
BioID_0025.pgm,166,178,230,176,224,203,160,205
BioID_0026.pgm,149,175,209,173,224,201,164,203
BioID_0027.pgm,151,159,217,157,218,184,152,186
BioID_0028.pgm,152,184,214,182,216,210,154,212
BioID_0029.pgm,153,163,217,161,195,187,131,189
BioID_0030.pgm,143,165,205,161,214,189,152,193
BioID_0031.pgm,161,168,223,166,218,191,156,193
BioID_0032.pgm,136,173,200,171,208,198,144,200
BioID_0033.pgm,153,194,213,192,227,216,167,218
BioID_0034.pgm,163,188,223,186,217,213,157,215
BioID_0035.pgm,141,185,201,183,215,207,155,209
BioID_0036.pgm,148,204,206,204,214,228,156,228
BioID_0037.pgm,157,187,217,185,217,210,157,212
BioID_0038.pgm,139,166,201,164,182,191,120,193
BioID_0039.pgm,138,178,198,176,206,202,146,204
BioID_0040.pgm,167,178,227,176,222,203,162,205
BioID_0041.pgm,164,182,226,180,194,204,132,206
BioID_0042.pgm,169,180,229,178,197,204,137,206
BioID_0043.pgm,175,182,233,178,213,204,155,208
BioID_0044.pgm,166,191,224,189,226,214,168,216
BioID_0045.pgm,159,193,221,191,235,214,173,216
BioID_0046.pgm,184,146,234,146,239,173,189,173
BioID_0047.pgm,154,146,210,146,203,171,147,171
BioID_0048.pgm,141,117,199,117,211,147,153,147
BioID_0049.pgm,150,125,206,121,202,150,146,154
BioID_0050.pgm,136,162,220,164,227,203,143,201
BioID_0051.pgm,144,158,226,158,235,199,153,199
BioID_0052.pgm,146,145,240,147,259,186,165,184
BioID_0053.pgm,137,122,237,124,272,161,172,159
BioID_0054.pgm,136,116,232,118,252,162,156,160
BioID_0055.pgm,138,143,230,141,241,186,149,188
BioID_0056.pgm,142,167,234,165,243,208,151,210
BioID_0057.pgm,150,164,240,160,231,203,141,207
BioID_0058.pgm,167,148,259,144,251,192,159,196
BioID_0059.pgm,143,130,241,130,251,171,153,171
BioID_0060.pgm,137,136,237,138,247,189,147,187
BioID_0061.pgm,136,145,236,147,258,193,158,191
BioID_0062.pgm,156,157,240,155,251,200,167,202
BioID_0063.pgm,143,154,227,152,236,194,152,196
BioID_0064.pgm,159,165,253,163,243,207,149,209
BioID_0065.pgm,137,148,225,148,235,189,147,189
BioID_0066.pgm,174,174,256,170,249,218,167,222
BioID_0067.pgm,146,162,236,160,247,209,157,211
BioID_0068.pgm,138,151,228,151,238,193,148,193
BioID_0069.pgm,140,149,226,149,235,194,149,194
BioID_0070.pgm,147,210,223,210,232,249,156,249
BioID_0071.pgm,160,154,246,150,238,192,152,196
BioID_0072.pgm,154,134,242,130,235,176,147,180
BioID_0073.pgm,158,160,244,158,236,203,150,205
BioID_0074.pgm,161,154,247,152,239,193,153,195
BioID_0075.pgm,165,176,251,174,243,216,157,218
BioID_0076.pgm,167,225,247,223,241,259,161,261
BioID_0077.pgm,163,209,253,205,245,240,155,244
BioID_0078.pgm,160,175,246,169,239,229,153,235
BioID_0079.pgm,160,176,248,170,241,225,153,231
BioID_0080.pgm,164,175,250,169,243,223,157,229
BioID_0081.pgm,163,173,249,169,242,216,156,220
BioID_0082.pgm,173,194,255,188,249,236,167,242
BioID_0083.pgm,157,174,249,168,242,219,150,225
BioID_0084.pgm,164,182,250,176,244,230,158,236
BioID_0085.pgm,166,188,250,182,243,235,159,241
BioID_0086.pgm,162,181,246,173,231,220,147,228
BioID_0087.pgm,172,185,256,179,248,231,164,237
BioID_0088.pgm,170,189,252,183,246,236,164,242
BioID_0089.pgm,160,178,246,174,239,229,153,233
BioID_0090.pgm,157,115,217,113,223,139,163,141
BioID_0091.pgm,171,127,219,127,225,159,177,159
BioID_0092.pgm,170,130,222,130,227,156,175,156
BioID_0093.pgm,179,123,227,123,231,153,183,153
BioID_0094.pgm,197,144,241,144,245,176,201,176
BioID_0095.pgm,172,108,226,108,231,145,177,145
BioID_0096.pgm,161,104,219,102,225,135,167,137
BioID_0097.pgm,205,127,261,125,256,161,200,163
BioID_0098.pgm,169,163,227,163,239,196,181,196
BioID_0099.pgm,168,157,224,155,236,186,180,188
BioID_0100.pgm,167,162,225,164,238,197,180,195
BioID_0101.pgm,161,160,221,162,227,195,167,193
BioID_0102.pgm,159,170,217,170,230,202,172,202
BioID_0103.pgm,163,164,223,164,231,198,171,198
BioID_0104.pgm,163,159,223,159,237,191,177,191
BioID_0105.pgm,169,163,225,163,232,193,176,193
BioID_0106.pgm,162,164,222,164,236,197,176,197
BioID_0107.pgm,160,163,218,165,231,196,173,194
BioID_0108.pgm,166,163,222,163,234,191,178,191
BioID_0109.pgm,161,172,221,170,235,196,175,198
BioID_0110.pgm,169,163,225,163,237,190,181,190
BioID_0111.pgm,165,168,223,168,236,194,178,194
BioID_0112.pgm,169,168,227,168,241,199,183,199
BioID_0113.pgm,164,175,220,177,232,205,176,203
BioID_0114.pgm,163,171,219,171,232,199,176,199
BioID_0115.pgm,143,248,201,252,213,280,155,276
BioID_0116.pgm,131,248,189,250,201,276,143,274
BioID_0117.pgm,167,155,227,159,242,192,182,188
BioID_0118.pgm,155,165,213,167,227,200,169,198
BioID_0119.pgm,160,153,216,155,228,184,172,182
BioID_0120.pgm,159,164,217,166,230,192,172,190
BioID_0121.pgm,147,178,203,182,222,210,166,206
BioID_0122.pgm,168,153,224,155,237,188,181,186
BioID_0123.pgm,167,162,221,164,227,193,173,191
BioID_0124.pgm,156,161,218,161,231,191,169,191
BioID_0125.pgm,169,160,223,162,235,193,181,191
BioID_0126.pgm,155,160,215,162,235,188,175,186
BioID_0127.pgm,178,157,232,161,244,189,190,185
BioID_0128.pgm,173,138,223,140,234,171,184,169
BioID_0129.pgm,174,155,226,155,239,184,187,184
BioID_0130.pgm,167,152,221,156,238,179,184,175
BioID_0131.pgm,183,152,235,156,246,181,194,177
BioID_0132.pgm,174,163,228,163,233,191,179,191
BioID_0133.pgm,174,145,228,147,257,167,203,165
BioID_0134.pgm,172,156,226,158,240,186,186,184
BioID_0135.pgm,171,160,225,162,237,188,183,186
BioID_0136.pgm,175,154,229,156,241,182,187,180
BioID_0137.pgm,172,166,226,166,233,186,179,186
BioID_0138.pgm,173,165,227,169,246,198,192,194
BioID_0139.pgm,178,175,230,177,235,208,183,206
BioID_0140.pgm,185,189,245,187,238,217,178,219
BioID_0141.pgm,175,176,225,176,238,204,188,204
BioID_0142.pgm,181,180,237,180,231,212,175,212
BioID_0143.pgm,180,157,232,161,244,193,192,189
BioID_0144.pgm,170,185,228,185,242,212,184,212
BioID_0145.pgm,170,166,222,168,234,199,182,197
BioID_0146.pgm,174,78,244,80,259,107,189,105
BioID_0147.pgm,193,129,233,129,242,152,202,152
BioID_0148.pgm,169,160,227,158,234,181,176,183
BioID_0149.pgm,143,140,191,140,201,166,153,166
BioID_0150.pgm,133,142,185,142,196,167,144,167
BioID_0151.pgm,149,147,197,147,202,181,154,181
BioID_0152.pgm,162,107,202,109,205,138,165,136
BioID_0153.pgm,159,136,209,136,214,169,164,169
BioID_0154.pgm,163,132,213,130,208,158,158,160
BioID_0155.pgm,152,140,200,140,210,169,162,169
BioID_0156.pgm,150,149,200,151,211,179,161,177
BioID_0157.pgm,193,129,241,129,251,155,203,155
BioID_0158.pgm,194,131,242,131,252,157,204,157
BioID_0159.pgm,213,139,261,139,272,162,224,162
BioID_0160.pgm,203,135,249,135,253,161,207,161
BioID_0161.pgm,205,133,253,133,258,159,210,159
BioID_0162.pgm,206,145,252,145,262,175,216,175
BioID_0163.pgm,207,131,253,131,257,158,211,158
BioID_0164.pgm,202,134,250,134,261,160,213,160
BioID_0165.pgm,161,120,207,120,216,148,170,148
BioID_0166.pgm,182,138,230,136,236,159,188,161
BioID_0167.pgm,166,141,218,139,228,161,176,163
BioID_0168.pgm,170,133,218,133,227,162,179,162
BioID_0169.pgm,172,132,216,134,221,168,177,166
BioID_0170.pgm,167,124,235,130,252,164,184,158
BioID_0171.pgm,170,145,238,145,246,178,178,178
BioID_0172.pgm,178,141,248,143,254,177,184,175
BioID_0173.pgm,159,139,229,139,236,174,166,174
BioID_0174.pgm,156,133,228,133,236,171,164,171
BioID_0175.pgm,159,127,231,127,240,158,168,158
BioID_0176.pgm,157,115,235,117,244,157,166,155
BioID_0177.pgm,134,109,204,111,222,141,152,139
BioID_0178.pgm,146,120,216,120,224,156,154,156
BioID_0179.pgm,157,128,229,130,237,168,165,166
BioID_0180.pgm,225,164,281,166,293,194,237,192
BioID_0181.pgm,154,174,218,172,225,203,161,205
BioID_0182.pgm,172,185,230,185,236,215,178,215
BioID_0183.pgm,172,182,232,184,238,215,178,213
BioID_0184.pgm,163,181,221,181,227,217,169,217
BioID_0185.pgm,163,180,221,182,235,215,177,213
BioID_0186.pgm,168,180,228,182,234,211,174,209
BioID_0187.pgm,165,240,225,238,218,267,158,269
BioID_0188.pgm,157,200,217,200,230,227,170,227
BioID_0189.pgm,149,197,209,197,216,226,156,226
BioID_0190.pgm,151,202,209,202,222,228,164,228
BioID_0191.pgm,152,194,212,194,218,221,158,221
BioID_0192.pgm,207,164,263,162,269,192,213,194
BioID_0193.pgm,176,165,234,165,247,195,189,195
BioID_0194.pgm,190,153,248,155,254,189,196,187
BioID_0195.pgm,189,152,243,152,243,177,189,177
BioID_0196.pgm,175,158,233,158,246,188,188,188
BioID_0197.pgm,183,158,239,158,245,188,189,188
BioID_0198.pgm,179,153,233,155,246,187,192,185
BioID_0199.pgm,166,152,222,152,234,177,178,177
BioID_0200.pgm,178,157,232,159,245,189,191,187
BioID_0201.pgm,173,156,231,158,236,185,178,183
BioID_0202.pgm,163,161,221,161,232,187,174,187
BioID_0203.pgm,163,156,219,158,231,190,175,188
BioID_0204.pgm,155,145,225,145,232,179,162,179
BioID_0205.pgm,201,132,245,126,238,148,194,154
BioID_0206.pgm,188,135,240,135,250,160,198,160
BioID_0207.pgm,175,162,233,162,239,191,181,191
BioID_0208.pgm,157,115,201,119,213,139,169,135
BioID_0209.pgm,160,158,224,158,231,192,167,192
BioID_0210.pgm,160,156,218,156,224,188,166,188
BioID_0211.pgm,163,161,219,163,232,196,176,194
BioID_0212.pgm,156,153,216,153,223,187,163,187
BioID_0213.pgm,148,170,208,170,215,204,155,204
BioID_0214.pgm,166,146,222,148,234,177,178,175
BioID_0215.pgm,158,152,214,154,227,187,171,185
BioID_0216.pgm,158,168,214,168,220,197,164,197
BioID_0217.pgm,162,173,218,175,224,204,168,202
BioID_0218.pgm,142,188,208,190,242,223,176,221
BioID_0219.pgm,173,152,229,152,236,181,180,181
BioID_0220.pgm,182,174,240,174,246,203,188,203
BioID_0221.pgm,249,120,293,124,301,154,257,150
BioID_0222.pgm,186,148,230,148,239,171,195,171
BioID_0223.pgm,184,146,228,146,237,172,193,172
BioID_0224.pgm,185,148,235,148,240,173,190,173
BioID_0225.pgm,187,149,231,151,239,181,195,179
BioID_0226.pgm,187,164,233,164,241,193,195,193
BioID_0227.pgm,188,153,234,155,242,186,196,184
BioID_0228.pgm,187,152,233,152,237,183,191,183
BioID_0229.pgm,188,158,232,160,236,192,192,190
BioID_0230.pgm,189,156,233,156,238,183,194,183
BioID_0231.pgm,189,154,233,154,242,184,198,184
BioID_0232.pgm,189,161,233,161,240,186,196,186
BioID_0233.pgm,189,160,233,160,237,188,193,188
BioID_0234.pgm,195,155,241,157,250,181,204,179
BioID_0235.pgm,193,158,239,158,247,182,201,182
BioID_0236.pgm,190,157,236,157,241,180,195,180
BioID_0237.pgm,185,155,231,157,240,180,194,178
BioID_0238.pgm,193,156,237,158,245,180,201,178
BioID_0239.pgm,190,150,236,152,245,175,199,173
BioID_0240.pgm,179,154,225,156,234,180,188,178
BioID_0241.pgm,197,141,243,141,254,173,208,173
BioID_0242.pgm,208,155,256,155,260,179,212,179
BioID_0243.pgm,199,152,247,154,250,179,202,177
BioID_0244.pgm,203,157,253,159,262,183,212,181
BioID_0245.pgm,188,154,236,154,240,179,192,179
BioID_0246.pgm,214,165,256,165,264,195,222,195
BioID_0247.pgm,202,170,244,172,250,202,208,200
BioID_0248.pgm,203,169,243,169,247,201,207,201
BioID_0249.pgm,211,156,253,158,260,189,218,187
BioID_0250.pgm,207,161,249,161,252,191,210,191
BioID_0251.pgm,199,155,237,157,243,188,205,186
BioID_0252.pgm,191,157,231,157,238,186,198,186
BioID_0253.pgm,198,158,238,160,246,191,206,189
BioID_0254.pgm,198,156,238,158,245,190,205,188
BioID_0255.pgm,189,156,229,158,235,185,195,183
BioID_0256.pgm,191,154,239,158,245,183,197,179
BioID_0257.pgm,187,153,237,155,247,189,197,187
BioID_0258.pgm,190,152,238,154,247,192,199,190
BioID_0259.pgm,193,155,235,157,238,185,196,183
BioID_0260.pgm,181,167,225,169,229,194,185,192
BioID_0261.pgm,186,169,230,163,227,187,183,193
BioID_0262.pgm,211,155,257,149,248,173,202,179
BioID_0263.pgm,190,150,234,146,240,168,196,172
BioID_0264.pgm,187,152,235,152,240,179,192,179
BioID_0265.pgm,191,158,237,156,242,183,196,185
BioID_0266.pgm,182,151,230,155,238,181,190,177
BioID_0267.pgm,138,158,184,162,187,189,141,185
BioID_0268.pgm,127,159,175,161,185,187,137,185
BioID_0269.pgm,194,162,238,160,242,185,198,187
BioID_0270.pgm,192,159,240,159,245,186,197,186
BioID_0271.pgm,196,160,238,160,242,185,200,185
BioID_0272.pgm,191,155,239,155,243,182,195,182
BioID_0273.pgm,192,150,240,150,245,179,197,179
BioID_0274.pgm,204,161,250,161,245,189,199,189
BioID_0275.pgm,188,161,234,159,240,186,194,188
BioID_0276.pgm,191,152,239,150,244,180,196,182
BioID_0277.pgm,189,155,235,155,239,183,193,183
BioID_0278.pgm,180,153,228,155,240,183,192,181
BioID_0279.pgm,186,147,234,149,242,175,194,173
BioID_0280.pgm,178,152,228,156,246,183,196,179
BioID_0281.pgm,182,151,230,153,240,180,192,178
BioID_0282.pgm,187,155,235,157,238,183,190,181
BioID_0283.pgm,158,105,202,103,206,126,162,128
BioID_0284.pgm,158,131,202,131,213,156,169,156
BioID_0285.pgm,156,129,204,129,215,156,167,156
BioID_0286.pgm,163,120,205,120,215,146,173,146
BioID_0287.pgm,160,124,210,124,214,153,164,153
BioID_0288.pgm,163,126,209,126,213,152,167,152
BioID_0289.pgm,158,127,204,125,209,152,163,154
BioID_0290.pgm,170,119,214,121,217,149,173,147
BioID_0291.pgm,198,123,244,123,245,149,199,149
BioID_0292.pgm,190,126,234,124,244,148,200,150
BioID_0293.pgm,190,116,232,116,241,144,199,144
BioID_0294.pgm,181,123,225,121,235,146,191,148
BioID_0295.pgm,179,119,221,119,226,144,184,144
BioID_0296.pgm,182,119,222,119,230,144,190,144
BioID_0297.pgm,176,124,218,124,228,147,186,147
BioID_0298.pgm,151,119,195,121,203,145,159,143
BioID_0299.pgm,151,117,193,119,201,143,159,141
BioID_0300.pgm,148,122,192,124,201,149,157,147
BioID_0301.pgm,157,122,199,124,206,150,164,148
BioID_0302.pgm,158,124,204,126,208,152,162,150
BioID_0303.pgm,156,126,196,126,204,150,164,150
BioID_0304.pgm,156,128,198,130,206,152,164,150
BioID_0305.pgm,154,135,194,135,201,154,161,154
BioID_0306.pgm,147,124,193,126,209,152,163,150
BioID_0307.pgm,165,124,215,126,234,155,184,153
BioID_0308.pgm,108,173,176,173,183,206,115,206
BioID_0309.pgm,156,196,224,194,231,232,163,234
BioID_0310.pgm,149,195,219,195,227,230,157,230
BioID_0311.pgm,146,112,212,112,227,146,161,146
BioID_0312.pgm,132,143,202,145,208,178,138,176
BioID_0313.pgm,155,139,223,139,230,175,162,175
BioID_0314.pgm,145,147,219,149,235,189,161,187
BioID_0315.pgm,149,148,219,146,226,189,156,191
BioID_0316.pgm,137,153,209,153,217,194,145,194
BioID_0317.pgm,143,164,213,164,222,205,152,205
BioID_0318.pgm,147,164,219,166,226,201,154,199
BioID_0319.pgm,140,149,220,151,240,193,160,191
BioID_0320.pgm,142,149,212,149,221,184,151,184
BioID_0321.pgm,141,143,215,145,233,186,159,184
BioID_0322.pgm,133,155,179,155,185,176,139,176
BioID_0323.pgm,131,146,177,146,188,168,142,168
BioID_0324.pgm,120,152,166,150,172,171,126,173
BioID_0325.pgm,128,148,174,146,180,166,134,168
BioID_0326.pgm,134,153,180,153,185,173,139,173
BioID_0327.pgm,135,155,179,155,188,177,144,177
BioID_0328.pgm,155,150,201,148,197,167,151,169
BioID_0329.pgm,168,146,218,144,199,165,149,167
BioID_0330.pgm,139,149,185,149,195,173,149,173
BioID_0331.pgm,149,183,197,183,203,204,155,204
BioID_0332.pgm,140,174,190,174,196,198,146,198
BioID_0333.pgm,148,173,198,171,199,191,149,193
BioID_0334.pgm,141,168,189,170,199,193,151,191
BioID_0335.pgm,123,174,173,174,186,197,136,197
BioID_0336.pgm,125,173,175,175,188,197,138,195
BioID_0337.pgm,131,179,183,181,202,200,150,198
BioID_0338.pgm,136,173,184,175,195,197,147,195
BioID_0339.pgm,136,184,184,184,190,208,142,208
BioID_0340.pgm,132,186,180,186,194,208,146,208
BioID_0341.pgm,121,181,169,181,187,201,139,201
BioID_0342.pgm,121,161,169,161,180,181,132,181
BioID_0343.pgm,151,157,197,155,203,174,157,176
BioID_0344.pgm,93,186,141,180,138,200,90,206
BioID_0345.pgm,124,184,184,184,191,208,131,208
BioID_0346.pgm,112,172,166,172,187,193,133,193
BioID_0347.pgm,112,171,166,173,179,196,125,194
BioID_0348.pgm,103,166,157,166,171,190,117,190
BioID_0349.pgm,132,105,186,107,206,131,152,129
BioID_0350.pgm,123,126,177,128,197,150,143,148
BioID_0351.pgm,128,116,178,120,196,143,146,139
BioID_0352.pgm,129,124,181,126,201,146,149,144
BioID_0353.pgm,140,130,194,130,207,153,153,153
BioID_0354.pgm,133,118,187,116,194,138,140,140
BioID_0355.pgm,121,120,175,118,188,138,134,140
BioID_0356.pgm,123,118,175,118,188,142,136,142
BioID_0357.pgm,134,123,186,123,198,142,146,142
BioID_0358.pgm,142,87,194,85,189,107,137,109
BioID_0359.pgm,125,98,175,98,186,120,136,120
BioID_0360.pgm,132,96,184,94,180,116,128,118
BioID_0361.pgm,147,116,195,114,191,135,143,137
BioID_0362.pgm,128,113,178,113,190,136,140,136
BioID_0363.pgm,131,115,179,111,175,131,127,135
BioID_0364.pgm,120,148,176,148,190,193,134,193
BioID_0365.pgm,119,119,177,117,178,141,120,143
BioID_0366.pgm,103,94,159,96,172,128,116,126
BioID_0367.pgm,96,93,154,93,168,127,110,127
BioID_0368.pgm,118,112,172,110,183,130,129,132
BioID_0369.pgm,123,113,169,111,180,131,134,133
BioID_0370.pgm,131,113,183,113,195,136,143,136
BioID_0371.pgm,120,104,174,102,185,123,131,125
BioID_0372.pgm,128,151,194,151,201,183,135,183
BioID_0373.pgm,135,146,195,146,203,171,143,171
BioID_0374.pgm,136,110,198,110,231,128,169,128
BioID_0375.pgm,151,95,221,95,228,126,158,126
BioID_0376.pgm,141,110,213,112,229,152,157,150
BioID_0377.pgm,196,154,246,152,242,173,192,175
BioID_0378.pgm,175,161,223,161,235,185,187,185
BioID_0379.pgm,165,155,211,153,217,174,171,176
BioID_0380.pgm,171,148,219,148,214,177,166,177
BioID_0381.pgm,177,136,227,136,246,157,196,157
BioID_0382.pgm,172,139,220,141,230,167,182,165
BioID_0383.pgm,172,148,218,148,229,174,183,174
BioID_0384.pgm,162,137,210,137,221,157,173,157
BioID_0385.pgm,166,132,214,132,219,152,171,152
BioID_0386.pgm,168,146,214,144,220,168,174,170
BioID_0387.pgm,168,144,216,142,227,169,179,171
BioID_0388.pgm,117,156,163,156,174,181,128,181
BioID_0389.pgm,122,162,168,162,178,183,132,183
BioID_0390.pgm,107,156,153,156,163,183,117,183
BioID_0391.pgm,112,149,158,151,167,178,121,176
BioID_0392.pgm,111,144,157,144,167,169,121,169
BioID_0393.pgm,133,130,183,130,178,160,128,160
BioID_0394.pgm,116,130,164,132,175,159,127,157
BioID_0395.pgm,110,146,158,148,175,168,127,166
BioID_0396.pgm,98,138,146,136,157,156,109,158
BioID_0397.pgm,107,132,155,130,161,151,113,153
BioID_0398.pgm,106,139,158,137,164,158,112,160
BioID_0399.pgm,115,143,163,143,169,164,121,164
BioID_0400.pgm,108,139,156,141,161,162,113,160
BioID_0401.pgm,105,133,153,133,159,156,111,156
BioID_0402.pgm,119,135,165,135,171,157,125,157
BioID_0403.pgm,112,133,162,133,173,158,123,158
BioID_0404.pgm,111,128,161,128,167,149,117,149
BioID_0405.pgm,108,125,156,123,167,143,119,145
BioID_0406.pgm,109,130,157,128,169,149,121,151
BioID_0407.pgm,107,139,155,139,160,172,112,172
BioID_0408.pgm,105,138,155,136,161,160,111,162
BioID_0409.pgm,116,134,166,132,161,153,111,155
BioID_0410.pgm,115,125,167,121,162,143,110,147
BioID_0411.pgm,114,142,164,142,169,170,119,170
BioID_0412.pgm,112,145,158,143,163,163,117,165
BioID_0413.pgm,116,137,164,137,181,156,133,156
BioID_0414.pgm,109,133,157,133,162,157,114,157
BioID_0415.pgm,109,136,157,134,163,154,115,156
BioID_0416.pgm,105,136,151,136,168,156,122,156
BioID_0417.pgm,112,128,160,128,171,150,123,150
BioID_0418.pgm,110,178,162,178,172,201,120,201
BioID_0419.pgm,121,165,175,167,185,191,131,189
BioID_0420.pgm,123,160,183,162,187,193,127,191
BioID_0421.pgm,111,162,167,164,178,194,122,192
BioID_0422.pgm,117,165,173,167,177,199,121,197
BioID_0423.pgm,112,163,166,165,177,194,123,192
BioID_0424.pgm,112,159,168,161,179,192,123,190
BioID_0425.pgm,119,152,175,154,180,186,124,184
BioID_0426.pgm,126,156,186,158,197,187,137,185
BioID_0427.pgm,73,175,129,183,153,208,97,200
BioID_0428.pgm,101,157,165,155,173,191,109,193
BioID_0429.pgm,113,160,177,160,190,195,126,195
BioID_0430.pgm,112,144,170,146,175,172,117,170
BioID_0431.pgm,114,147,176,149,181,185,119,183
BioID_0432.pgm,110,151,172,153,178,189,116,187
BioID_0433.pgm,112,149,176,151,188,177,124,175
BioID_0434.pgm,113,145,177,147,183,182,119,180
BioID_0435.pgm,119,146,177,148,182,181,124,179
BioID_0436.pgm,128,145,190,147,203,186,141,184
BioID_0437.pgm,117,156,183,156,189,190,123,190
BioID_0438.pgm,115,149,183,149,189,183,121,183
BioID_0439.pgm,105,156,169,158,175,190,111,188
BioID_0440.pgm,112,155,176,155,183,191,119,191
BioID_0441.pgm,118,166,182,166,195,209,131,209
BioID_0442.pgm,114,161,176,161,188,188,126,188
BioID_0443.pgm,118,157,182,159,189,198,125,196
BioID_0444.pgm,125,147,193,149,206,183,138,181
BioID_0445.pgm,118,159,186,159,193,195,125,195
BioID_0446.pgm,110,155,174,155,181,194,117,194
BioID_0447.pgm,118,165,180,165,195,205,133,205
BioID_0448.pgm,110,154,174,154,189,191,125,191
BioID_0449.pgm,116,168,158,170,161,202,119,200
BioID_0450.pgm,137,177,175,177,182,207,144,207
BioID_0451.pgm,135,166,175,166,183,200,143,200
BioID_0452.pgm,137,172,175,172,182,203,144,203
BioID_0453.pgm,124,183,164,183,167,216,127,216
BioID_0454.pgm,127,178,169,180,177,215,135,213
BioID_0455.pgm,126,182,164,182,171,214,133,214
BioID_0456.pgm,131,180,171,182,174,214,134,212
BioID_0457.pgm,98,181,136,183,144,215,106,213
BioID_0458.pgm,95,184,133,184,141,214,103,214
BioID_0459.pgm,98,187,136,189,139,220,101,218
BioID_0460.pgm,98,188,136,188,144,219,106,219
BioID_0461.pgm,141,175,177,175,184,202,148,202
BioID_0462.pgm,140,172,176,174,183,204,147,202
BioID_0463.pgm,140,177,176,179,178,209,142,207
BioID_0464.pgm,147,171,183,171,179,201,143,201
BioID_0465.pgm,134,172,176,174,185,205,143,203
BioID_0466.pgm,149,174,185,172,181,203,145,205
BioID_0467.pgm,141,174,177,174,180,203,144,203
BioID_0468.pgm,138,173,176,173,183,201,145,201
BioID_0469.pgm,145,175,183,173,179,204,141,206
BioID_0470.pgm,133,171,173,175,180,206,140,202
BioID_0471.pgm,133,168,175,168,179,206,137,206
BioID_0472.pgm,132,159,178,159,183,190,137,190
BioID_0473.pgm,130,167,178,169,182,204,134,202
BioID_0474.pgm,139,172,177,170,184,199,146,201
BioID_0475.pgm,133,161,181,163,184,198,136,196
BioID_0476.pgm,132,167,178,171,181,206,135,202
BioID_0477.pgm,128,164,174,166,177,199,131,197
BioID_0478.pgm,126,164,172,164,177,200,131,200
BioID_0479.pgm,130,167,178,169,188,201,140,199
BioID_0480.pgm,134,170,182,170,193,201,145,201
BioID_0481.pgm,122,168,172,170,178,207,128,205
BioID_0482.pgm,144,141,210,139,217,173,151,175
BioID_0484.pgm,105,163,153,159,162,191,114,195
BioID_0486.pgm,105,166,151,164,151,197,105,199
BioID_0487.pgm,154,164,204,160,209,191,159,195
BioID_0488.pgm,152,159,202,155,199,183,149,187
BioID_0489.pgm,143,174,191,172,201,199,153,201
BioID_0490.pgm,140,174,188,170,189,191,141,195
BioID_0491.pgm,149,175,197,171,198,193,150,197
BioID_0492.pgm,150,166,194,164,196,196,152,198
BioID_0493.pgm,148,170,194,168,191,201,145,203
BioID_0494.pgm,131,165,177,163,182,193,136,195
BioID_0495.pgm,131,161,177,159,186,186,140,188
BioID_0496.pgm,136,169,182,167,188,195,142,197
BioID_0497.pgm,136,166,182,164,187,190,141,192
BioID_0498.pgm,142,164,188,162,189,194,143,196
BioID_0499.pgm,131,171,179,167,184,189,136,193
BioID_0500.pgm,132,166,180,164,189,191,141,193
BioID_0501.pgm,147,168,193,166,191,191,145,193
BioID_0502.pgm,135,165,181,163,191,192,145,194
BioID_0503.pgm,143,166,193,164,194,184,144,186
BioID_0504.pgm,139,168,183,166,190,190,146,192
BioID_0505.pgm,142,169,188,165,175,190,129,194
BioID_0506.pgm,145,166,187,164,183,196,141,198
BioID_0507.pgm,146,164,190,162,188,194,144,196
BioID_0508.pgm,137,162,181,160,190,192,146,194
BioID_0509.pgm,143,163,189,161,185,193,139,195
BioID_0510.pgm,142,168,190,164,187,190,139,194
BioID_0511.pgm,137,163,183,159,180,187,134,191
BioID_0512.pgm,140,161,188,159,184,188,136,190
BioID_0513.pgm,136,162,178,160,186,194,144,196
BioID_0514.pgm,137,160,183,158,185,192,139,194
BioID_0515.pgm,137,163,183,161,185,189,139,191
BioID_0516.pgm,136,164,182,162,184,189,138,191
BioID_0517.pgm,136,164,186,162,178,185,128,187
BioID_0518.pgm,138,163,184,161,181,191,135,193
BioID_0519.pgm,155,148,215,150,229,181,169,179
BioID_0520.pgm,157,158,215,158,222,181,164,181
BioID_0521.pgm,157,155,215,155,222,183,164,183
BioID_0522.pgm,169,153,221,153,228,182,176,182
BioID_0523.pgm,156,156,214,156,221,187,163,187
BioID_0524.pgm,160,154,214,154,226,182,172,182
BioID_0525.pgm,144,158,198,158,211,182,157,182
BioID_0526.pgm,153,162,201,160,207,184,159,186
BioID_0527.pgm,149,157,203,159,215,184,161,182
BioID_0528.pgm,152,153,202,153,213,182,163,182
BioID_0529.pgm,158,148,206,146,219,174,171,176
BioID_0530.pgm,152,143,202,143,208,172,158,172
BioID_0531.pgm,155,152,205,152,215,179,165,179
BioID_0532.pgm,156,147,202,147,208,177,162,177
BioID_0533.pgm,153,141,199,141,210,171,164,171
BioID_0534.pgm,161,151,209,149,203,178,155,180
BioID_0535.pgm,149,153,199,155,210,181,160,179
BioID_0536.pgm,162,148,210,146,204,174,156,176
BioID_0537.pgm,157,150,207,150,218,177,168,177
BioID_0538.pgm,165,140,213,140,225,170,177,170
BioID_0539.pgm,166,148,218,148,223,177,171,177
BioID_0540.pgm,172,147,224,147,236,173,184,173
BioID_0541.pgm,164,149,214,147,208,177,158,179
BioID_0542.pgm,164,147,212,145,225,175,177,177
BioID_0543.pgm,160,143,206,143,217,173,171,173
BioID_0544.pgm,157,148,209,150,220,174,168,172
BioID_0545.pgm,160,148,208,146,214,176,166,178
BioID_0546.pgm,156,155,208,157,220,186,168,184
BioID_0547.pgm,166,154,218,154,229,181,177,181
BioID_0548.pgm,171,153,221,153,227,181,177,181
BioID_0549.pgm,164,160,218,158,224,179,170,181
BioID_0550.pgm,170,152,218,152,230,180,182,180
BioID_0551.pgm,163,154,211,152,217,180,169,182
BioID_0552.pgm,164,153,214,153,219,181,169,181
BioID_0553.pgm,162,156,212,156,218,183,168,183
BioID_0554.pgm,164,157,216,159,227,184,175,182
BioID_0555.pgm,159,152,209,152,214,180,164,180
BioID_0556.pgm,174,163,220,159,211,186,165,190
BioID_0557.pgm,127,233,171,233,176,263,132,263
BioID_0558.pgm,125,188,169,188,178,212,134,212
BioID_0559.pgm,124,195,168,195,177,220,133,220
BioID_0560.pgm,116,163,166,163,170,196,120,196
BioID_0561.pgm,162,106,202,106,210,134,170,134
BioID_0562.pgm,154,104,196,104,200,132,158,132
BioID_0563.pgm,157,113,201,115,204,141,160,139
BioID_0564.pgm,144,108,206,112,211,145,149,141
BioID_0565.pgm,137,113,199,115,212,144,150,142
BioID_0566.pgm,141,123,205,125,218,159,154,157
BioID_0567.pgm,164,103,206,103,215,128,173,128
BioID_0568.pgm,157,100,199,100,208,127,166,127
BioID_0569.pgm,157,110,201,110,211,136,167,136
BioID_0570.pgm,156,118,200,118,204,147,160,147
BioID_0571.pgm,158,114,200,116,208,146,166,144
BioID_0572.pgm,155,115,199,117,207,145,163,143
BioID_0573.pgm,160,100,204,100,208,129,164,129
BioID_0574.pgm,151,122,201,124,211,147,161,145
BioID_0575.pgm,150,118,198,118,208,149,160,149
BioID_0576.pgm,154,109,198,109,202,136,158,136
BioID_0577.pgm,153,119,191,121,200,151,162,149
BioID_0578.pgm,153,118,197,120,201,147,157,145
BioID_0579.pgm,160,121,206,121,217,153,171,153
BioID_0580.pgm,153,113,205,115,216,144,164,142
BioID_0581.pgm,152,126,190,126,194,156,156,156
BioID_0582.pgm,151,117,201,117,206,146,156,146
BioID_0583.pgm,153,115,201,115,206,143,158,143
BioID_0584.pgm,164,119,204,119,212,151,172,151
BioID_0585.pgm,159,122,207,122,211,160,163,160
BioID_0586.pgm,141,127,195,127,207,149,153,149
BioID_0587.pgm,153,107,205,109,215,131,163,129
BioID_0588.pgm,131,103,181,103,192,125,142,125
BioID_0589.pgm,134,100,184,102,202,121,152,119
BioID_0590.pgm,105,109,157,111,169,139,117,137
BioID_0591.pgm,95,114,153,116,176,138,118,136
BioID_0592.pgm,103,130,161,132,174,157,116,155
BioID_0593.pgm,99,137,161,137,168,161,106,161
BioID_0594.pgm,96,119,156,121,169,153,109,151
BioID_0595.pgm,119,108,173,108,180,135,126,135
BioID_0596.pgm,119,103,171,103,182,128,130,128
BioID_0597.pgm,108,107,162,109,183,131,129,129
BioID_0598.pgm,104,99,158,103,179,125,125,121
BioID_0599.pgm,101,120,159,122,172,150,114,148
BioID_0600.pgm,117,111,175,111,181,134,123,134
BioID_0601.pgm,112,101,164,103,184,126,132,124
BioID_0602.pgm,114,97,170,99,190,122,134,120
BioID_0603.pgm,123,125,189,125,217,161,151,161
BioID_0604.pgm,154,133,200,133,205,160,159,160
BioID_0605.pgm,147,122,193,122,204,152,158,152
BioID_0606.pgm,152,130,202,130,207,153,157,153
BioID_0607.pgm,153,149,199,149,203,177,157,177
BioID_0608.pgm,148,169,198,169,210,197,160,197
BioID_0609.pgm,148,138,200,138,212,167,160,167
BioID_0610.pgm,146,158,194,158,199,187,151,187
BioID_0611.pgm,135,148,191,150,197,175,141,173
BioID_0612.pgm,136,151,184,151,189,180,141,180
BioID_0613.pgm,152,140,202,140,207,169,157,169
BioID_0614.pgm,144,157,192,157,204,187,156,187
BioID_0615.pgm,143,154,191,156,203,185,155,183
BioID_0616.pgm,151,146,199,146,211,175,163,175
BioID_0617.pgm,149,140,195,140,206,168,160,168
BioID_0618.pgm,147,134,197,136,202,170,152,168
BioID_0619.pgm,147,132,197,132,210,164,160,164
BioID_0620.pgm,152,138,200,140,211,169,163,167
BioID_0621.pgm,148,136,196,138,208,171,160,169
BioID_0622.pgm,149,136,203,138,217,163,163,161
BioID_0623.pgm,150,144,194,146,198,182,154,180
BioID_0624.pgm,148,138,198,138,204,168,154,168
BioID_0625.pgm,164,127,206,125,203,155,161,157
BioID_0626.pgm,144,157,192,157,204,187,156,187
BioID_0627.pgm,143,154,191,156,203,185,155,183
BioID_0628.pgm,151,146,199,146,211,175,163,175
BioID_0629.pgm,157,124,199,124,209,152,167,152
BioID_0630.pgm,153,121,195,121,204,149,162,149
BioID_0631.pgm,154,120,196,120,201,149,159,149
BioID_0632.pgm,152,140,202,140,207,169,157,169
BioID_0633.pgm,148,120,192,120,198,150,154,150
BioID_0634.pgm,177,174,247,172,247,207,177,209
BioID_0635.pgm,138,174,198,176,212,215,152,213
BioID_0636.pgm,122,127,188,129,202,162,136,160
BioID_0637.pgm,145,115,209,121,220,160,156,154
BioID_0638.pgm,126,94,198,96,212,133,140,131
BioID_0639.pgm,122,138,186,146,198,183,134,175
BioID_0640.pgm,127,109,191,111,196,148,132,146
BioID_0641.pgm,130,107,194,107,207,144,143,144
BioID_0642.pgm,133,108,199,110,205,145,139,143
BioID_0643.pgm,153,117,209,115,220,146,164,148
BioID_0644.pgm,147,120,203,120,213,153,157,153
BioID_0645.pgm,177,138,233,136,239,170,183,172
BioID_0646.pgm,190,140,246,144,256,180,200,176
BioID_0647.pgm,177,143,231,141,242,174,188,176
BioID_0648.pgm,169,148,225,148,229,184,173,184
BioID_0649.pgm,127,133,175,135,184,162,136,160
BioID_0650.pgm,135,133,179,137,187,165,143,161
BioID_0651.pgm,130,133,176,137,192,166,146,162
BioID_0652.pgm,141,161,195,161,200,188,146,188
BioID_0653.pgm,156,149,196,149,201,177,161,177
BioID_0654.pgm,132,125,192,123,200,152,140,154
BioID_0655.pgm,126,122,184,120,191,148,133,150
BioID_0656.pgm,138,157,194,157,208,190,152,190
BioID_0657.pgm,149,156,211,156,218,189,156,189
BioID_0658.pgm,147,150,207,148,215,180,155,182
BioID_0659.pgm,146,151,206,151,221,183,161,183
BioID_0660.pgm,166,166,212,166,222,192,176,192
BioID_0661.pgm,151,159,201,159,211,183,161,183
BioID_0662.pgm,151,190,207,190,220,220,164,220
BioID_0663.pgm,148,190,200,190,206,219,154,219
BioID_0664.pgm,148,197,200,197,212,225,160,225
BioID_0665.pgm,150,172,198,172,202,201,154,201
BioID_0666.pgm,147,166,197,166,208,193,158,193
BioID_0667.pgm,146,180,198,180,209,208,157,208
BioID_0668.pgm,150,175,200,175,210,201,160,201
BioID_0669.pgm,146,168,198,168,210,194,158,194
BioID_0670.pgm,148,178,200,180,205,209,153,207
BioID_0671.pgm,152,170,202,170,213,196,163,196
BioID_0672.pgm,149,174,201,176,212,205,160,203
BioID_0673.pgm,188,153,234,149,225,181,179,185
BioID_0674.pgm,147,166,195,166,200,195,152,195
BioID_0675.pgm,152,172,204,172,210,200,158,200
BioID_0676.pgm,144,187,192,187,197,214,149,214
BioID_0677.pgm,146,180,200,182,212,211,158,209
BioID_0678.pgm,154,174,202,176,212,203,164,201
BioID_0679.pgm,160,170,210,172,221,199,171,197
BioID_0680.pgm,152,167,202,167,207,195,157,195
BioID_0681.pgm,151,163,201,163,206,190,156,190
BioID_0682.pgm,154,123,200,121,210,142,164,144
BioID_0683.pgm,154,137,198,137,207,159,163,159
BioID_0684.pgm,145,144,191,144,200,170,154,170
BioID_0685.pgm,142,169,196,169,208,199,154,199
BioID_0686.pgm,147,168,195,172,204,203,156,199
BioID_0687.pgm,151,168,199,170,209,197,161,195
BioID_0688.pgm,139,169,189,169,200,194,150,194
BioID_0689.pgm,136,165,184,165,194,191,146,191
BioID_0690.pgm,134,170,182,170,192,197,144,197
BioID_0691.pgm,129,170,179,170,190,194,140,194
BioID_0692.pgm,151,168,199,170,208,198,160,196
BioID_0693.pgm,153,175,201,177,211,207,163,205
BioID_0694.pgm,155,172,201,174,210,202,164,200
BioID_0695.pgm,151,174,199,176,208,200,160,198
BioID_0696.pgm,149,167,197,169,206,198,158,196
BioID_0697.pgm,145,177,193,177,198,206,150,206
BioID_0698.pgm,149,177,197,179,208,206,160,204
BioID_0699.pgm,148,175,194,177,203,203,157,201
BioID_0700.pgm,140,182,188,182,198,209,150,209
BioID_0701.pgm,145,175,191,175,202,203,156,203
BioID_0702.pgm,150,175,198,177,203,206,155,204
BioID_0703.pgm,145,175,191,177,201,203,155,201
BioID_0704.pgm,157,175,205,177,215,205,167,203
BioID_0705.pgm,151,175,197,177,207,202,161,200
BioID_0706.pgm,162,116,222,118,236,154,176,152
BioID_0707.pgm,164,122,230,124,245,155,179,153
BioID_0708.pgm,155,129,219,129,233,160,169,160
BioID_0709.pgm,168,149,228,155,240,185,180,179
BioID_0710.pgm,171,158,243,166,258,201,186,193
BioID_0711.pgm,181,159,247,157,249,189,183,191
BioID_0712.pgm,161,169,223,169,229,209,167,209
BioID_0713.pgm,167,171,227,169,234,198,174,200
BioID_0714.pgm,161,163,227,161,236,198,170,200
BioID_0715.pgm,171,179,235,175,231,203,167,207
BioID_0716.pgm,180,198,242,198,236,230,174,230
BioID_0717.pgm,160,178,220,180,232,207,172,205
BioID_0718.pgm,160,201,222,201,234,236,172,236
BioID_0719.pgm,159,174,219,176,224,214,164,212
BioID_0720.pgm,158,168,218,166,231,193,171,195
BioID_0721.pgm,159,169,217,167,224,201,166,203
BioID_0722.pgm,168,170,228,166,224,200,164,204
BioID_0723.pgm,160,170,218,170,230,203,172,203
BioID_0724.pgm,202,175,258,179,270,207,214,203
BioID_0725.pgm,161,181,225,181,231,215,167,215
BioID_0726.pgm,162,181,222,181,235,213,175,213
BioID_0727.pgm,164,179,222,179,234,206,176,206
BioID_0728.pgm,167,167,227,167,233,206,173,206
BioID_0729.pgm,163,172,225,170,232,204,170,206
BioID_0730.pgm,178,174,238,170,233,204,173,208
BioID_0731.pgm,167,176,227,174,235,208,175,210
BioID_0732.pgm,165,176,225,174,233,207,173,209
BioID_0733.pgm,167,174,227,174,233,211,173,211
BioID_0734.pgm,166,171,224,169,231,206,173,208
BioID_0735.pgm,159,172,227,170,236,206,168,208
BioID_0736.pgm,165,166,227,166,234,198,172,198
BioID_0737.pgm,160,175,220,175,227,217,167,217
BioID_0738.pgm,179,182,239,178,234,211,174,215
BioID_0739.pgm,167,176,225,176,232,219,174,219
BioID_0740.pgm,180,176,240,174,235,200,175,202
BioID_0741.pgm,166,158,206,158,215,179,175,179
BioID_0742.pgm,142,150,180,148,184,171,146,173
BioID_0743.pgm,153,154,191,156,199,184,161,182
BioID_0744.pgm,162,155,200,155,208,180,170,180
BioID_0745.pgm,159,144,197,144,200,172,162,172
BioID_0746.pgm,161,144,199,146,201,172,163,170
BioID_0747.pgm,154,145,192,145,199,168,161,168
BioID_0748.pgm,160,145,198,145,205,171,167,171
BioID_0749.pgm,162,152,196,154,199,183,165,181
BioID_0750.pgm,159,153,195,153,203,180,167,180
BioID_0751.pgm,163,155,199,157,202,185,166,183
BioID_0752.pgm,161,159,201,159,209,180,169,180
BioID_0753.pgm,158,138,198,138,206,162,166,162
BioID_0754.pgm,146,125,194,121,191,150,143,154
BioID_0755.pgm,157,143,197,143,201,167,161,167
BioID_0756.pgm,165,149,205,149,214,171,174,171
BioID_0757.pgm,157,156,201,154,206,176,162,178
BioID_0758.pgm,169,148,207,148,214,170,176,170
BioID_0759.pgm,161,154,199,152,203,175,165,177
BioID_0760.pgm,163,149,203,149,211,173,171,173
BioID_0761.pgm,166,147,200,149,207,175,173,173
BioID_0762.pgm,163,148,201,150,208,173,170,171
BioID_0763.pgm,170,148,206,150,213,176,177,174
BioID_0764.pgm,165,147,201,147,208,172,172,172
BioID_0765.pgm,164,147,200,147,203,174,167,174
BioID_0766.pgm,162,146,200,146,207,169,169,169
BioID_0767.pgm,162,146,198,146,201,174,165,174
BioID_0768.pgm,167,149,205,149,212,172,174,172
BioID_0769.pgm,167,148,207,148,216,169,176,169
BioID_0770.pgm,162,146,202,148,211,174,171,172
BioID_0771.pgm,165,144,205,144,208,171,168,171
BioID_0772.pgm,168,146,206,148,213,172,175,170
BioID_0773.pgm,167,145,203,145,210,170,174,170
BioID_0774.pgm,164,148,202,148,209,169,171,169
BioID_0775.pgm,166,153,208,155,211,179,169,177
BioID_0776.pgm,168,147,206,147,213,170,175,170
BioID_0777.pgm,165,148,201,148,208,171,172,171
BioID_0778.pgm,167,147,205,147,212,170,174,170
BioID_0779.pgm,145,147,195,143,191,163,141,167
BioID_0780.pgm,132,136,174,134,178,156,136,158
BioID_0781.pgm,134,134,178,134,183,159,139,159
BioID_0783.pgm,139,125,179,123,182,152,142,154
BioID_0784.pgm,136,131,180,129,189,148,145,150
BioID_0785.pgm,136,133,178,133,187,156,145,156
BioID_0787.pgm,140,129,184,127,185,149,141,151
BioID_0788.pgm,134,133,178,131,182,152,138,154
BioID_0789.pgm,137,123,179,123,186,151,144,151
BioID_0790.pgm,137,126,183,126,192,149,146,149
BioID_0791.pgm,140,124,184,122,193,142,149,144
BioID_0792.pgm,140,124,184,122,180,147,136,149
BioID_0793.pgm,134,122,176,122,180,152,138,152
BioID_0794.pgm,132,129,178,127,186,147,140,149
BioID_0795.pgm,132,124,176,124,184,148,140,148
BioID_0796.pgm,135,126,175,126,182,153,142,153
BioID_0797.pgm,127,126,169,124,177,151,135,153
BioID_0798.pgm,131,126,171,126,174,154,134,154
BioID_0799.pgm,136,125,176,123,177,147,137,149
BioID_0800.pgm,128,125,170,125,178,149,136,149
BioID_0801.pgm,124,125,164,125,172,151,132,151
BioID_0802.pgm,125,127,169,125,177,151,133,153
BioID_0803.pgm,133,125,173,125,181,156,141,156
BioID_0804.pgm,139,128,183,128,184,150,140,150
BioID_0805.pgm,130,128,170,126,177,151,137,153
BioID_0806.pgm,132,128,172,126,179,157,139,159
BioID_0807.pgm,131,128,175,126,184,148,140,150
BioID_0808.pgm,130,125,172,123,175,150,133,152
BioID_0809.pgm,129,128,173,128,180,151,136,151
BioID_0810.pgm,142,142,188,144,191,173,145,171
BioID_0811.pgm,151,143,199,143,203,165,155,165
BioID_0812.pgm,168,140,212,142,220,168,176,166
BioID_0813.pgm,162,143,206,147,215,175,171,171
BioID_0814.pgm,154,128,198,130,206,158,162,156
BioID_0815.pgm,153,125,195,127,203,155,161,153
BioID_0816.pgm,150,136,196,138,205,164,159,162
BioID_0817.pgm,159,125,197,127,204,154,166,152
BioID_0818.pgm,147,173,199,175,209,203,157,201
BioID_0819.pgm,154,182,202,186,211,216,163,212
BioID_0820.pgm,151,144,191,146,203,169,163,167
BioID_0821.pgm,154,158,202,162,212,184,164,180
BioID_0822.pgm,172,156,218,158,228,185,182,183
BioID_0823.pgm,161,151,207,151,215,176,169,176
BioID_0824.pgm,153,146,199,150,207,180,161,176
BioID_0825.pgm,142,156,188,158,204,184,158,182
BioID_0826.pgm,157,181,213,181,224,202,168,202
BioID_0827.pgm,160,157,208,159,218,190,170,188
BioID_0828.pgm,175,150,223,148,218,178,170,180
BioID_0829.pgm,150,162,198,164,202,194,154,192
BioID_0830.pgm,149,119,195,121,204,149,158,147
BioID_0831.pgm,141,176,197,178,208,206,152,204
BioID_0832.pgm,146,195,200,197,209,226,155,224
BioID_0833.pgm,144,226,210,228,217,255,151,253
BioID_0834.pgm,142,232,204,232,210,255,148,255
BioID_0835.pgm,166,198,224,204,236,238,178,232
BioID_0836.pgm,156,207,206,211,217,238,167,234
BioID_0837.pgm,159,204,213,208,224,239,170,235
BioID_0838.pgm,157,206,211,210,222,240,168,236
BioID_0839.pgm,152,200,204,202,209,228,157,226
BioID_0840.pgm,157,210,211,210,217,239,163,239
BioID_0841.pgm,160,210,214,210,225,234,171,234
BioID_0842.pgm,162,205,216,205,221,235,167,235
BioID_0843.pgm,158,226,210,228,227,250,175,248
BioID_0844.pgm,169,219,223,221,233,250,179,248
BioID_0845.pgm,155,223,213,225,219,250,161,248
BioID_0846.pgm,161,207,211,207,223,238,173,238
BioID_0847.pgm,145,227,205,229,229,256,169,254
BioID_0848.pgm,174,209,228,211,240,237,186,235
BioID_0849.pgm,161,215,217,215,229,239,173,239
BioID_0850.pgm,165,208,219,210,230,236,176,234
BioID_0851.pgm,157,131,203,133,207,161,161,159
BioID_0852.pgm,148,157,198,159,209,189,159,187
BioID_0853.pgm,141,157,201,159,207,185,147,183
BioID_0854.pgm,161,142,211,144,214,170,164,168
BioID_0855.pgm,159,120,195,122,198,145,162,143
BioID_0856.pgm,159,158,209,160,220,190,170,188
BioID_0857.pgm,154,186,198,188,201,214,157,212
BioID_0858.pgm,139,193,191,193,201,221,149,221
BioID_0859.pgm,158,194,210,196,215,222,163,220
BioID_0860.pgm,160,173,208,175,217,206,169,204
BioID_0861.pgm,273,176,329,184,337,212,281,204
BioID_0862.pgm,157,166,215,166,228,205,170,205
BioID_0863.pgm,167,160,231,158,225,202,161,204
BioID_0864.pgm,169,166,229,166,224,195,164,195
BioID_0865.pgm,152,173,212,171,219,198,159,200
BioID_0866.pgm,149,167,209,169,220,202,160,200
BioID_0867.pgm,151,165,209,167,221,194,163,192
BioID_0868.pgm,163,173,221,171,217,198,159,200
BioID_0869.pgm,154,169,210,169,217,204,161,204
BioID_0870.pgm,151,171,209,171,223,198,165,198
BioID_0871.pgm,153,173,211,173,217,205,159,205
BioID_0872.pgm,151,178,207,178,220,213,164,213
BioID_0873.pgm,155,177,209,177,221,212,167,212
BioID_0874.pgm,136,121,180,121,184,150,140,150
BioID_0875.pgm,117,136,163,138,174,163,128,161
BioID_0876.pgm,149,134,193,134,199,160,155,160
BioID_0877.pgm,150,136,190,134,194,157,154,159
BioID_0878.pgm,160,136,200,136,204,160,164,160
BioID_0879.pgm,158,134,200,134,209,158,167,158
BioID_0880.pgm,161,137,201,137,210,162,170,162
BioID_0881.pgm,165,134,207,134,216,158,174,158
BioID_0882.pgm,172,139,214,139,214,164,172,164
BioID_0883.pgm,162,133,204,133,213,158,171,158
BioID_0884.pgm,164,145,208,145,212,170,168,170
BioID_0885.pgm,174,135,218,135,214,162,170,162
BioID_0886.pgm,167,152,209,152,218,175,176,175
BioID_0887.pgm,164,143,206,143,210,166,168,166
BioID_0888.pgm,166,141,208,141,216,164,174,164
BioID_0889.pgm,173,137,215,135,215,162,173,164
BioID_0890.pgm,172,140,212,138,208,163,168,165
BioID_0891.pgm,162,146,204,146,213,171,171,171
BioID_0892.pgm,168,140,210,138,215,165,173,167
BioID_0893.pgm,167,135,215,135,227,156,179,156
BioID_0894.pgm,171,152,225,150,239,176,185,178
BioID_0895.pgm,169,151,219,151,232,173,182,173
BioID_0896.pgm,170,140,222,138,234,165,182,167
BioID_0897.pgm,176,146,230,146,243,168,189,168
BioID_0898.pgm,165,130,215,128,221,151,171,153
BioID_0899.pgm,167,132,217,134,228,155,178,153
BioID_0900.pgm,154,126,204,126,217,149,167,149
BioID_0901.pgm,167,130,217,130,228,154,178,154
BioID_0902.pgm,165,131,215,131,220,152,170,152
BioID_0903.pgm,153,126,203,126,216,151,166,151
BioID_0904.pgm,166,131,216,131,222,157,172,157
BioID_0905.pgm,165,131,213,131,225,157,177,157
BioID_0906.pgm,157,125,207,125,214,151,164,151
BioID_0907.pgm,170,131,220,133,231,157,181,155
BioID_0908.pgm,168,134,218,134,229,157,179,157
BioID_0909.pgm,172,130,220,132,230,155,182,153
BioID_0910.pgm,169,138,219,140,231,163,181,161
BioID_0911.pgm,169,134,217,134,227,160,179,160
BioID_0912.pgm,167,135,219,135,231,158,179,158
BioID_0913.pgm,185,140,233,140,245,166,197,166
BioID_0914.pgm,165,135,213,135,225,158,177,158
BioID_0915.pgm,173,138,221,138,231,164,183,164
BioID_0916.pgm,167,135,215,135,226,160,178,160
BioID_0917.pgm,167,139,215,139,226,163,178,163
BioID_0918.pgm,174,138,242,140,249,181,181,179
BioID_0919.pgm,140,127,206,127,215,160,149,160
BioID_0920.pgm,152,185,220,189,237,223,169,219
BioID_0921.pgm,133,170,199,176,215,213,149,207
BioID_0922.pgm,148,151,214,153,230,185,164,183
BioID_0923.pgm,222,137,266,135,275,162,231,164
BioID_0924.pgm,186,134,238,134,249,164,197,164
BioID_0925.pgm,191,136,243,138,252,164,200,162
BioID_0926.pgm,192,125,244,127,255,157,203,155
BioID_0927.pgm,174,147,232,147,245,177,187,177
BioID_0928.pgm,182,146,234,148,245,173,193,171
BioID_0929.pgm,171,148,235,148,250,183,186,183
BioID_0930.pgm,173,141,227,141,238,175,184,175
BioID_0931.pgm,176,141,230,143,241,180,187,178
BioID_0932.pgm,182,143,236,147,246,184,192,180
BioID_0933.pgm,180,154,238,156,252,190,194,188
BioID_0934.pgm,163,146,221,146,235,182,177,182
BioID_0935.pgm,158,166,224,166,232,201,166,201
BioID_0936.pgm,159,138,213,140,224,176,170,174
BioID_0937.pgm,163,127,221,129,233,161,175,159
BioID_0938.pgm,176,147,230,149,242,181,188,179
BioID_0939.pgm,164,146,222,148,233,182,175,180
BioID_0940.pgm,167,141,221,151,228,188,174,178
BioID_0941.pgm,155,157,209,159,214,191,160,189
BioID_0943.pgm,161,179,227,181,242,209,176,207
BioID_0944.pgm,177,139,221,141,230,163,186,161
BioID_0945.pgm,177,145,225,145,235,167,187,167
BioID_0946.pgm,170,164,224,164,234,189,180,189
BioID_0947.pgm,154,183,212,171,177,201,119,213
BioID_0948.pgm,160,164,226,168,239,197,173,193
BioID_0949.pgm,142,175,212,179,225,209,155,205
BioID_0950.pgm,160,173,226,175,241,204,175,202
BioID_0951.pgm,167,102,221,104,233,147,179,145
BioID_0952.pgm,168,182,234,184,248,212,182,210
BioID_0953.pgm,159,179,225,179,239,208,173,208
BioID_0954.pgm,158,174,224,174,239,203,173,203
BioID_0955.pgm,174,187,236,191,248,219,186,215
BioID_0956.pgm,165,203,229,207,241,237,177,233
BioID_0957.pgm,151,198,215,204,228,233,164,227
BioID_0958.pgm,167,182,229,186,242,215,180,211
BioID_0959.pgm,163,171,217,175,227,201,173,197
BioID_0960.pgm,163,170,219,172,230,198,174,196
BioID_0961.pgm,166,157,222,157,234,186,178,186
BioID_0962.pgm,182,155,230,153,226,177,178,179
BioID_0963.pgm,170,140,226,140,239,175,183,175
BioID_0964.pgm,176,146,224,146,235,172,187,172
BioID_0965.pgm,149,177,205,179,218,206,162,204
BioID_0966.pgm,158,171,220,173,233,203,171,201
BioID_0967.pgm,174,172,232,174,245,201,187,199
BioID_0968.pgm,163,154,217,156,228,182,174,180
BioID_0969.pgm,159,153,213,155,225,183,171,181
BioID_0970.pgm,156,173,214,173,227,201,169,201
BioID_0971.pgm,156,153,214,153,227,181,169,181
BioID_0972.pgm,156,161,210,161,223,198,169,198
BioID_0973.pgm,162,141,216,141,223,166,169,166
BioID_0974.pgm,182,121,226,121,236,147,192,147
BioID_0975.pgm,175,134,215,134,223,161,183,161
BioID_0976.pgm,163,141,203,143,212,168,172,166
BioID_0977.pgm,158,151,216,151,231,183,173,183
BioID_0978.pgm,173,138,215,138,211,165,169,165
BioID_0979.pgm,159,130,201,130,211,155,169,155
BioID_0980.pgm,159,131,201,133,209,159,167,157
BioID_0981.pgm,170,129,210,131,218,155,178,153
BioID_0982.pgm,173,135,213,135,222,157,182,157
BioID_0983.pgm,173,130,215,128,223,153,181,155
BioID_0984.pgm,174,128,214,130,222,159,182,157
BioID_0985.pgm,170,131,210,131,218,157,178,157
BioID_0986.pgm,169,131,207,131,215,152,177,152
BioID_0987.pgm,181,120,225,122,235,147,191,145
BioID_0988.pgm,194,129,236,131,246,157,204,155
BioID_0989.pgm,192,133,230,133,234,156,196,156
BioID_0990.pgm,182,123,226,123,236,149,192,149
BioID_0991.pgm,194,133,236,133,241,160,199,160
BioID_0992.pgm,136,131,174,131,182,156,144,156
BioID_0993.pgm,159,196,219,196,234,230,174,230
BioID_0994.pgm,180,135,216,135,220,160,184,160
BioID_0995.pgm,182,128,222,126,222,153,182,155
BioID_0996.pgm,172,129,212,129,220,154,180,154
BioID_0997.pgm,181,129,221,127,222,149,182,151
BioID_0998.pgm,169,120,209,120,218,145,178,145
BioID_0999.pgm,179,136,215,136,223,160,187,160
BioID_1000.pgm,177,127,217,127,221,157,181,157
BioID_1002.pgm,163,143,203,143,211,162,171,162
BioID_1003.pgm,174,118,214,118,219,143,179,143
BioID_1004.pgm,183,127,221,127,229,149,191,149
BioID_1005.pgm,182,131,220,129,224,151,186,153
BioID_1006.pgm,174,130,214,130,223,152,183,152
BioID_1007.pgm,172,129,216,129,221,153,177,153
BioID_1008.pgm,175,128,215,126,223,146,183,148
BioID_1009.pgm,172,120,214,120,222,145,180,145
BioID_1010.pgm,183,119,221,119,229,144,191,144
BioID_1011.pgm,181,127,221,127,226,152,186,152
BioID_1012.pgm,181,127,223,129,232,155,190,153
BioID_1013.pgm,156,169,210,171,221,202,167,200
BioID_1014.pgm,165,180,215,180,225,213,175,213
BioID_1015.pgm,152,222,222,224,240,259,170,257
BioID_1016.pgm,142,210,216,212,225,247,151,245
BioID_1017.pgm,141,197,215,199,223,244,149,242
BioID_1018.pgm,135,175,211,175,231,213,155,213
BioID_1019.pgm,138,177,214,179,233,218,157,216
BioID_1020.pgm,148,224,226,228,244,265,166,261
BioID_1021.pgm,141,209,217,211,236,250,160,248
BioID_1022.pgm,133,179,207,181,214,225,140,223
BioID_1023.pgm,142,209,218,209,227,244,151,244
BioID_1024.pgm,147,228,225,230,235,273,157,271
BioID_1025.pgm,142,221,220,223,238,258,160,256
BioID_1026.pgm,134,214,214,218,233,258,153,254
BioID_1027.pgm,100,148,148,148,153,172,105,172
BioID_1028.pgm,99,148,147,146,157,171,109,173
BioID_1029.pgm,101,151,147,149,151,175,105,177
BioID_1030.pgm,133,91,189,89,202,116,146,118
BioID_1031.pgm,136,92,188,92,199,127,147,127
BioID_1032.pgm,144,90,184,90,187,112,147,112
BioID_1033.pgm,136,84,188,84,193,112,141,112
BioID_1034.pgm,132,92,176,92,186,124,142,124
BioID_1035.pgm,139,92,181,92,190,119,148,119
BioID_1036.pgm,135,96,175,94,180,124,140,126
BioID_1037.pgm,134,100,176,100,186,124,144,124
BioID_1038.pgm,139,90,189,92,199,121,149,119
BioID_1039.pgm,139,100,181,100,186,123,144,123
BioID_1040.pgm,134,107,178,107,182,138,138,138
BioID_1041.pgm,134,100,178,100,188,129,144,129
BioID_1042.pgm,137,95,181,95,185,121,141,121
BioID_1043.pgm,134,100,182,100,187,131,139,131
BioID_1044.pgm,134,107,184,107,190,140,140,140
BioID_1045.pgm,138,109,182,109,191,134,147,134
BioID_1046.pgm,142,113,186,113,195,136,151,136
BioID_1047.pgm,139,108,183,108,193,139,149,139
BioID_1048.pgm,142,109,186,109,196,138,152,138
BioID_1049.pgm,138,102,182,102,191,131,147,131
BioID_1050.pgm,160,127,216,123,223,155,167,159
BioID_1051.pgm,167,133,213,131,209,163,163,165
BioID_1052.pgm,165,132,209,130,219,161,175,163
BioID_1053.pgm,163,128,207,126,212,154,168,156
BioID_1054.pgm,179,130,221,128,216,160,174,162
BioID_1055.pgm,167,135,211,133,220,158,176,160
BioID_1056.pgm,169,132,217,128,224,154,176,158
BioID_1057.pgm,166,127,210,125,215,154,171,156
BioID_1058.pgm,163,132,215,130,221,162,169,164
BioID_1059.pgm,204,168,284,166,247,214,167,216
BioID_1060.pgm,166,111,212,109,217,137,171,139
BioID_1061.pgm,163,123,205,121,209,148,167,150
BioID_1062.pgm,166,125,210,123,220,149,176,151
BioID_1063.pgm,184,124,226,122,226,149,184,151
BioID_1064.pgm,174,120,216,118,227,143,185,145
BioID_1065.pgm,175,111,221,109,230,136,184,138
BioID_1066.pgm,185,118,229,116,230,139,186,141
BioID_1067.pgm,176,102,216,100,225,135,185,137
BioID_1068.pgm,184,110,230,106,226,129,180,133
BioID_1069.pgm,181,118,219,98,206,129,168,149
BioID_1070.pgm,172,115,216,113,222,140,178,142
BioID_1071.pgm,174,110,214,108,219,132,179,134
BioID_1072.pgm,172,109,222,105,217,139,167,143
BioID_1073.pgm,178,130,224,122,221,156,175,164
BioID_1074.pgm,193,136,237,132,233,158,189,162
BioID_1075.pgm,176,111,222,109,223,135,177,137
BioID_1076.pgm,179,119,227,117,231,140,183,142
BioID_1077.pgm,173,107,215,105,219,130,177,132
BioID_1078.pgm,177,113,221,111,231,136,187,138
BioID_1079.pgm,167,117,235,115,245,149,177,151
BioID_1080.pgm,151,160,231,158,241,199,161,201
BioID_1081.pgm,158,161,230,159,242,194,170,196
BioID_1082.pgm,148,126,230,124,251,168,169,170
BioID_1083.pgm,157,137,235,133,244,165,166,169
BioID_1084.pgm,161,167,225,163,232,190,168,194
BioID_1085.pgm,163,156,237,154,247,184,173,186
BioID_1086.pgm,175,176,247,174,264,204,192,206
BioID_1087.pgm,161,179,235,179,252,206,178,206
BioID_1088.pgm,158,184,236,182,246,215,168,217
BioID_1089.pgm,161,195,233,193,250,223,178,225
BioID_1090.pgm,157,198,229,198,235,233,163,233
BioID_1091.pgm,177,220,259,218,251,247,169,249
BioID_1092.pgm,145,178,227,176,249,211,167,213
BioID_1093.pgm,185,227,259,225,251,253,177,255
BioID_1094.pgm,189,204,265,202,256,232,180,234
BioID_1095.pgm,225,118,279,116,289,135,235,137
BioID_1096.pgm,209,122,255,116,248,146,202,152
BioID_1097.pgm,200,119,248,113,234,138,186,144
BioID_1098.pgm,192,113,242,107,219,130,169,136
BioID_1099.pgm,187,112,235,106,213,129,165,135
BioID_1100.pgm,192,112,240,106,236,138,188,144
BioID_1101.pgm,187,112,237,106,233,135,183,141
BioID_1102.pgm,180,116,228,110,233,140,185,146
BioID_1103.pgm,187,119,237,113,214,134,164,140
BioID_1104.pgm,187,115,235,109,231,137,183,143
BioID_1105.pgm,191,118,237,114,235,142,189,146
BioID_1106.pgm,187,107,233,105,229,136,183,138
BioID_1107.pgm,179,115,227,111,233,141,185,145
BioID_1108.pgm,188,119,230,115,228,141,186,145
BioID_1109.pgm,182,119,230,115,224,136,176,140
BioID_1110.pgm,192,115,238,109,225,134,179,140
BioID_1111.pgm,186,107,228,105,236,134,194,136
BioID_1112.pgm,183,120,231,114,224,136,176,142
BioID_1113.pgm,188,113,236,109,233,138,185,142
BioID_1114.pgm,187,113,235,109,227,138,179,142
BioID_1115.pgm,192,115,238,111,236,142,190,146
BioID_1116.pgm,191,118,237,112,233,141,187,147
BioID_1117.pgm,187,118,235,112,213,134,165,140
BioID_1118.pgm,187,119,237,113,215,135,165,141
BioID_1119.pgm,190,115,238,111,235,138,187,142
BioID_1120.pgm,189,117,237,111,223,132,175,138
BioID_1121.pgm,193,120,239,114,236,146,190,152
BioID_1122.pgm,185,145,243,139,239,167,181,173
BioID_1123.pgm,180,135,240,129,236,155,176,161
BioID_1124.pgm,181,142,241,138,248,171,188,175
BioID_1125.pgm,190,151,246,145,242,177,186,183
BioID_1126.pgm,127,167,199,171,230,209,158,205
BioID_1127.pgm,185,152,247,148,242,175,180,179
BioID_1128.pgm,181,147,241,143,237,172,177,176
BioID_1129.pgm,186,151,242,147,237,174,181,178
BioID_1130.pgm,175,145,229,143,235,178,181,180
BioID_1131.pgm,180,146,236,144,238,176,182,178
BioID_1132.pgm,162,150,218,146,225,172,169,176
BioID_1133.pgm,167,149,223,147,229,173,173,175
BioID_1134.pgm,174,150,230,146,226,180,170,184
BioID_1135.pgm,161,148,217,144,223,179,167,183
BioID_1136.pgm,176,144,234,140,229,167,171,171
BioID_1137.pgm,158,144,216,138,224,163,166,169
BioID_1138.pgm,179,140,241,134,237,161,175,167
BioID_1139.pgm,159,145,217,141,231,167,173,171
BioID_1140.pgm,171,140,241,136,235,174,165,178
BioID_1141.pgm,183,112,231,108,228,135,180,139
BioID_1142.pgm,161,149,221,143,228,178,168,184
BioID_1143.pgm,178,151,232,147,227,185,173,189
BioID_1144.pgm,162,151,220,149,226,176,168,178
BioID_1145.pgm,162,152,218,148,225,183,169,187
BioID_1146.pgm,164,149,220,145,226,176,170,180
BioID_1147.pgm,168,152,228,146,224,176,164,182
BioID_1148.pgm,167,138,229,134,237,165,175,169
BioID_1149.pgm,178,142,234,138,229,172,173,176
BioID_1150.pgm,181,146,237,142,233,171,177,175
BioID_1151.pgm,176,140,232,136,227,167,171,171
BioID_1152.pgm,183,141,241,137,237,162,179,166
BioID_1153.pgm,168,125,224,123,230,154,174,156
BioID_1154.pgm,164,140,218,138,225,164,171,166
BioID_1155.pgm,169,125,235,123,243,155,177,157
BioID_1156.pgm,169,140,241,138,234,172,162,174
BioID_1157.pgm,165,121,227,121,235,155,173,155
BioID_1158.pgm,176,127,236,123,230,151,170,155
BioID_1159.pgm,160,130,222,128,229,155,167,157
BioID_1160.pgm,166,142,228,140,244,173,182,175
BioID_1161.pgm,176,146,240,146,234,172,170,172
BioID_1162.pgm,157,158,213,156,221,181,165,183
BioID_1163.pgm,173,89,233,89,245,114,185,114
BioID_1164.pgm,159,120,225,120,232,146,166,146
BioID_1165.pgm,168,135,238,133,246,168,176,170
BioID_1166.pgm,178,148,244,144,238,171,172,175
BioID_1167.pgm,170,136,236,132,244,166,178,170
BioID_1168.pgm,159,149,231,145,241,174,169,178
BioID_1169.pgm,162,150,232,150,239,187,169,187
BioID_1170.pgm,166,138,234,138,241,168,173,168
BioID_1171.pgm,155,161,229,159,239,194,165,196
BioID_1172.pgm,156,151,224,149,233,181,165,183
BioID_1173.pgm,106,116,162,120,180,145,124,141
BioID_1175.pgm,181,117,229,113,229,139,181,143
BioID_1176.pgm,184,117,236,113,224,132,172,136
BioID_1177.pgm,185,116,229,110,221,132,177,138
BioID_1178.pgm,181,126,233,128,233,164,181,162
BioID_1179.pgm,185,110,231,108,227,129,181,131
BioID_1180.pgm,185,108,233,104,229,123,181,127
BioID_1181.pgm,175,109,221,107,226,127,180,129
BioID_1182.pgm,187,112,233,110,233,129,187,131
BioID_1183.pgm,164,89,212,87,223,108,175,110
BioID_1184.pgm,183,110,229,108,224,137,178,139
BioID_1185.pgm,161,117,209,117,221,140,173,140
BioID_1186.pgm,191,118,237,114,233,137,187,141
BioID_1187.pgm,188,115,236,111,232,130,184,134
BioID_1188.pgm,195,125,243,123,231,146,183,148
BioID_1189.pgm,168,125,214,127,224,146,178,144
BioID_1190.pgm,176,96,222,96,227,119,181,119
BioID_1191.pgm,160,92,208,92,218,112,170,112
BioID_1192.pgm,176,114,224,110,234,128,186,132
BioID_1193.pgm,162,101,210,99,204,117,156,119
BioID_1194.pgm,177,107,223,103,219,122,173,126
BioID_1195.pgm,173,118,221,114,214,132,166,136
BioID_1196.pgm,187,111,235,107,212,127,164,131
BioID_1197.pgm,162,108,210,108,216,137,168,137
BioID_1198.pgm,166,109,212,107,218,126,172,128
BioID_1199.pgm,160,107,208,105,218,123,170,125
BioID_1200.pgm,172,108,220,106,216,125,168,127
BioID_1201.pgm,164,103,208,103,218,123,174,123
BioID_1202.pgm,168,107,218,109,221,131,171,129
BioID_1203.pgm,169,103,219,103,225,130,175,130
BioID_1204.pgm,180,106,228,104,224,125,176,127
BioID_1205.pgm,165,111,217,107,223,125,171,129
BioID_1206.pgm,178,109,230,105,225,125,173,129
BioID_1207.pgm,170,109,218,107,227,130,179,132
BioID_1208.pgm,184,106,232,104,227,125,179,127
BioID_1209.pgm,181,109,229,105,224,126,176,130
BioID_1210.pgm,185,104,231,100,227,122,181,126
BioID_1211.pgm,176,99,226,93,217,113,167,119
BioID_1212.pgm,163,109,215,107,227,126,175,128
BioID_1213.pgm,181,102,225,98,221,121,177,125
BioID_1214.pgm,176,97,218,95,223,119,181,121
BioID_1215.pgm,173,97,219,93,225,117,179,121
BioID_1216.pgm,171,101,211,99,216,122,176,124
BioID_1217.pgm,178,102,220,100,216,124,174,126
BioID_1218.pgm,173,101,211,99,220,120,182,122
BioID_1219.pgm,178,100,218,96,215,121,175,125
BioID_1220.pgm,177,86,215,84,220,111,182,113
BioID_1221.pgm,178,103,216,101,212,124,174,126
BioID_1222.pgm,177,99,217,97,218,119,178,121
BioID_1223.pgm,169,101,207,99,212,121,174,123
BioID_1224.pgm,168,102,206,100,210,119,172,121
BioID_1225.pgm,177,93,221,91,222,115,178,117
BioID_1226.pgm,178,100,220,98,215,122,173,124
BioID_1227.pgm,168,102,206,100,211,123,173,125
BioID_1228.pgm,173,104,211,104,219,126,181,126
BioID_1229.pgm,167,103,207,101,211,124,171,126
BioID_1230.pgm,181,99,219,97,214,120,176,122
BioID_1231.pgm,170,105,208,103,212,125,174,127
BioID_1232.pgm,179,101,217,99,218,124,180,126
BioID_1233.pgm,175,103,213,99,209,119,171,123
BioID_1234.pgm,169,103,207,103,211,126,173,126
BioID_1235.pgm,172,106,210,104,214,127,176,129
BioID_1236.pgm,173,92,211,92,220,114,182,114
BioID_1237.pgm,169,99,207,97,216,119,178,121
BioID_1238.pgm,174,102,214,100,223,123,183,125
BioID_1239.pgm,173,106,211,104,215,125,177,127
BioID_1240.pgm,169,100,207,98,211,121,173,123
BioID_1241.pgm,179,99,217,99,217,123,179,123
BioID_1242.pgm,169,99,209,99,218,122,178,122
BioID_1243.pgm,205,123,259,123,282,149,228,149
BioID_1244.pgm,205,109,247,109,256,132,214,132
BioID_1245.pgm,192,123,238,123,263,142,217,142
BioID_1246.pgm,209,126,255,126,265,149,219,149
BioID_1247.pgm,191,136,239,134,245,160,197,162
BioID_1248.pgm,179,130,229,132,255,155,205,153
BioID_1249.pgm,228,130,280,128,261,151,209,153
BioID_1250.pgm,204,128,252,128,257,155,209,155
BioID_1251.pgm,204,127,254,127,265,149,215,149
BioID_1252.pgm,207,123,255,121,267,144,219,146
BioID_1253.pgm,196,126,242,124,248,150,202,152
BioID_1254.pgm,189,115,235,113,241,141,195,143
BioID_1255.pgm,195,130,245,130,255,154,205,154
BioID_1256.pgm,203,124,257,122,264,145,210,147
BioID_1257.pgm,203,120,251,120,262,148,214,148
BioID_1258.pgm,202,133,254,131,266,153,214,155
BioID_1259.pgm,201,120,251,118,258,145,208,147
BioID_1260.pgm,202,128,252,128,263,152,213,152
BioID_1261.pgm,200,129,248,129,254,154,206,154
BioID_1262.pgm,202,124,252,124,258,146,208,146
BioID_1263.pgm,208,126,256,126,266,151,218,151
BioID_1264.pgm,210,124,256,126,266,153,220,151
BioID_1265.pgm,204,119,252,117,257,141,209,143
BioID_1266.pgm,191,119,241,119,247,142,197,142
BioID_1267.pgm,198,114,244,114,250,143,204,143
BioID_1268.pgm,199,115,247,113,253,140,205,142
BioID_1269.pgm,205,122,255,120,261,144,211,146
BioID_1270.pgm,204,111,252,111,258,137,210,137
BioID_1271.pgm,206,121,256,119,262,143,212,145
BioID_1272.pgm,203,126,253,124,259,149,209,151
BioID_1273.pgm,211,126,259,126,265,153,217,153
BioID_1274.pgm,206,124,254,124,260,153,212,153
BioID_1275.pgm,206,121,256,121,262,147,212,147
BioID_1276.pgm,204,129,256,129,262,152,210,152
BioID_1277.pgm,205,136,251,136,262,164,216,164
BioID_1278.pgm,199,132,253,130,264,152,210,154
BioID_1279.pgm,201,133,253,131,259,154,207,156
BioID_1280.pgm,203,136,251,134,257,158,209,160
BioID_1281.pgm,194,134,246,132,258,159,206,161
BioID_1282.pgm,195,130,247,128,254,158,202,160
BioID_1283.pgm,195,130,247,130,254,154,202,154
BioID_1284.pgm,177,128,233,128,264,153,208,153
BioID_1285.pgm,205,133,253,133,258,158,210,158
BioID_1286.pgm,197,142,253,140,259,170,203,172
BioID_1287.pgm,196,132,246,132,257,156,207,156
BioID_1288.pgm,203,123,253,123,259,153,209,153
BioID_1289.pgm,203,127,249,125,260,156,214,158
BioID_1290.pgm,201,122,253,122,263,144,211,144
BioID_1291.pgm,207,114,255,114,266,136,218,136
BioID_1292.pgm,196,120,246,118,253,140,203,142
BioID_1293.pgm,160,189,220,185,228,210,168,214
BioID_1294.pgm,170,131,226,127,220,160,164,164
BioID_1295.pgm,166,142,222,138,223,167,167,171
BioID_1296.pgm,163,131,223,129,217,159,157,161
BioID_1297.pgm,146,126,206,124,213,151,153,153
BioID_1298.pgm,144,122,206,120,214,153,152,155
BioID_1299.pgm,169,145,231,141,224,175,162,179
BioID_1300.pgm,154,147,214,145,221,179,161,181
BioID_1301.pgm,166,139,228,137,221,171,159,173
BioID_1302.pgm,149,146,209,144,223,171,163,173
BioID_1303.pgm,149,138,207,138,214,172,156,172
BioID_1304.pgm,147,132,207,130,214,161,154,163
BioID_1305.pgm,147,145,207,143,214,175,154,177
BioID_1306.pgm,153,140,213,138,219,171,159,173
BioID_1307.pgm,147,146,209,142,216,175,154,179
BioID_1308.pgm,153,147,211,145,218,179,160,181
BioID_1309.pgm,150,151,210,151,216,182,156,182
BioID_1310.pgm,142,154,200,154,215,179,157,179
BioID_1311.pgm,144,157,206,159,221,186,159,184
BioID_1312.pgm,155,153,211,155,224,187,168,185
BioID_1313.pgm,153,148,211,150,224,173,166,171
BioID_1314.pgm,150,142,208,142,216,167,158,167
BioID_1315.pgm,147,152,211,150,219,180,155,182
BioID_1316.pgm,162,155,216,155,229,181,175,181
BioID_1317.pgm,171,147,235,143,227,182,163,186
BioID_1318.pgm,185,214,249,212,233,238,169,240
BioID_1319.pgm,187,101,225,99,231,129,193,131
BioID_1320.pgm,192,94,226,92,230,118,196,120
BioID_1321.pgm,172,107,212,101,206,122,166,128
BioID_1322.pgm,194,110,232,108,233,130,195,132
BioID_1323.pgm,189,116,233,112,230,139,186,143
BioID_1324.pgm,191,98,227,96,228,118,192,120
BioID_1325.pgm,187,106,225,106,227,134,189,134
BioID_1326.pgm,179,110,219,108,224,130,184,132
BioID_1327.pgm,188,131,232,129,228,150,184,152
BioID_1328.pgm,185,93,225,91,221,113,181,115
BioID_1329.pgm,197,121,237,119,233,146,193,148
BioID_1330.pgm,198,100,234,98,235,121,199,123
BioID_1331.pgm,190,102,224,100,228,123,194,125
BioID_1332.pgm,197,96,233,94,231,118,195,120
BioID_1333.pgm,187,140,233,138,240,172,194,174
BioID_1334.pgm,184,133,234,131,240,158,190,160
BioID_1335.pgm,181,118,227,116,233,144,187,146
BioID_1336.pgm,189,128,235,126,231,150,185,152
BioID_1337.pgm,193,104,231,102,228,123,190,125
BioID_1338.pgm,191,101,227,101,228,128,192,128
BioID_1339.pgm,193,100,229,100,226,126,190,126
BioID_1340.pgm,192,96,228,94,225,117,189,119
BioID_1341.pgm,181,111,221,109,227,133,187,135
BioID_1342.pgm,196,92,230,90,231,115,197,117
BioID_1343.pgm,197,91,231,91,228,117,194,117
BioID_1344.pgm,187,97,223,95,228,117,192,119
BioID_1345.pgm,184,121,224,119,234,140,194,142
BioID_1346.pgm,200,97,236,97,232,117,196,117
BioID_1347.pgm,178,148,222,146,228,180,184,182
BioID_1348.pgm,175,121,219,119,225,146,181,148
BioID_1349.pgm,183,120,227,118,228,145,184,147
BioID_1350.pgm,171,124,217,122,227,145,181,147
BioID_1351.pgm,181,120,223,118,235,148,193,150
BioID_1352.pgm,198,89,232,87,233,109,199,111
BioID_1353.pgm,189,96,225,94,234,120,198,122
BioID_1354.pgm,184,110,226,108,232,131,190,133
BioID_1355.pgm,183,124,225,122,230,142,188,144
BioID_1356.pgm,185,101,225,99,235,123,195,125
BioID_1357.pgm,191,106,231,104,228,129,188,131
BioID_1358.pgm,189,99,229,97,226,121,186,123
BioID_1359.pgm,196,138,252,138,264,162,208,162
BioID_1360.pgm,172,139,228,135,234,174,178,178
BioID_1361.pgm,172,149,228,147,234,176,178,178
BioID_1362.pgm,178,138,230,134,236,174,184,178
BioID_1363.pgm,179,136,233,134,243,164,189,166
BioID_1364.pgm,177,141,231,139,236,173,182,175
BioID_1365.pgm,171,125,227,123,232,164,176,166
BioID_1366.pgm,165,133,227,131,234,170,172,172
BioID_1367.pgm,170,132,224,130,228,168,174,170
BioID_1368.pgm,184,134,238,132,232,164,178,166
BioID_1369.pgm,171,145,225,143,236,178,182,180
BioID_1370.pgm,171,141,225,137,231,174,177,178
BioID_1371.pgm,175,126,239,122,232,155,168,159
BioID_1372.pgm,181,145,237,143,232,187,176,189
BioID_1373.pgm,185,154,243,150,237,187,179,191
BioID_1374.pgm,175,159,231,157,237,198,181,200
BioID_1375.pgm,168,155,226,153,231,187,173,189
BioID_1376.pgm,191,163,249,159,244,203,186,207
BioID_1377.pgm,189,157,245,155,240,196,184,198
BioID_1378.pgm,184,162,240,160,245,198,189,200
BioID_1379.pgm,188,161,250,159,256,184,194,186
BioID_1380.pgm,177,156,237,154,249,180,189,182
BioID_1381.pgm,190,148,260,142,255,183,185,189
BioID_1382.pgm,183,154,245,150,253,185,191,189
BioID_1383.pgm,178,158,238,154,245,189,185,193
BioID_1384.pgm,187,146,245,140,241,184,183,190
BioID_1385.pgm,193,160,251,156,246,195,188,199
BioID_1386.pgm,172,166,230,164,242,189,184,191
BioID_1387.pgm,180,149,224,149,232,173,188,173
BioID_1388.pgm,181,146,223,146,226,170,184,170
BioID_1389.pgm,189,150,223,150,230,180,196,180
BioID_1390.pgm,185,154,229,152,226,176,182,178
BioID_1391.pgm,213,151,245,153,251,187,219,185
BioID_1392.pgm,201,154,245,156,248,181,204,179
BioID_1393.pgm,203,147,237,149,243,179,209,177
BioID_1394.pgm,195,154,227,156,233,186,201,184
BioID_1395.pgm,197,156,231,156,232,186,198,186
BioID_1396.pgm,192,104,234,106,242,138,200,136
BioID_1397.pgm,199,117,233,117,236,145,202,145
BioID_1398.pgm,198,119,232,117,235,145,201,147
BioID_1399.pgm,192,126,226,124,230,152,196,154
BioID_1400.pgm,200,120,232,118,236,146,204,148
BioID_1401.pgm,196,122,230,120,236,147,202,149
BioID_1402.pgm,203,127,235,125,236,152,204,154
BioID_1403.pgm,197,125,231,125,234,153,200,153
BioID_1404.pgm,202,125,236,123,236,151,202,153
BioID_1405.pgm,195,120,227,122,231,150,199,148
BioID_1406.pgm,185,129,223,129,226,155,188,155
BioID_1407.pgm,193,130,227,128,230,159,196,161
BioID_1408.pgm,193,132,227,130,230,158,196,160
BioID_1409.pgm,188,134,224,134,227,160,191,160
BioID_1410.pgm,193,129,227,127,234,155,200,157
BioID_1411.pgm,190,134,224,132,231,159,197,161
BioID_1412.pgm,183,133,223,131,231,159,191,161
BioID_1413.pgm,189,128,223,128,226,156,192,156
BioID_1414.pgm,181,127,227,127,232,154,186,154
BioID_1417.pgm,179,129,223,129,227,159,183,159
BioID_1418.pgm,186,126,228,126,231,149,189,149
BioID_1419.pgm,185,125,227,125,237,159,195,159
BioID_1420.pgm,183,127,225,125,233,147,191,149
BioID_1423.pgm,186,133,234,131,229,168,181,170
BioID_1424.pgm,186,144,226,142,230,174,190,176
BioID_1425.pgm,190,145,232,143,236,175,194,177
BioID_1426.pgm,142,143,186,143,190,176,146,176
BioID_1427.pgm,138,144,178,144,181,173,141,173
BioID_1428.pgm,135,141,177,141,185,171,143,171
BioID_1429.pgm,133,142,173,142,181,172,141,172
BioID_1430.pgm,135,139,177,139,184,167,142,167
BioID_1431.pgm,134,139,174,141,180,171,140,169
BioID_1432.pgm,135,138,175,140,178,171,138,169
BioID_1433.pgm,134,144,176,144,179,173,137,173
BioID_1434.pgm,132,137,178,139,182,163,136,161
BioID_1435.pgm,133,140,173,140,177,169,137,169
BioID_1436.pgm,129,141,175,143,184,171,138,169
BioID_1437.pgm,137,141,171,139,175,166,141,168
BioID_1438.pgm,130,133,176,133,180,169,134,169
BioID_1439.pgm,137,135,175,135,183,164,145,164
BioID_1440.pgm,140,133,182,137,189,165,147,161
BioID_1441.pgm,125,186,197,184,207,224,135,226
BioID_1442.pgm,130,129,202,127,209,159,137,161
BioID_1443.pgm,132,128,198,128,205,157,139,157
BioID_1444.pgm,134,125,196,129,201,160,139,156
BioID_1445.pgm,129,117,189,117,202,151,142,151
BioID_1446.pgm,125,103,193,105,200,134,132,132
BioID_1447.pgm,130,109,196,107,204,136,138,138
BioID_1448.pgm,123,96,193,94,209,126,139,128
BioID_1449.pgm,120,107,190,105,198,139,128,141
BioID_1450.pgm,131,96,199,98,206,129,138,127
BioID_1451.pgm,139,100,197,102,210,132,152,130
BioID_1452.pgm,143,98,197,100,210,131,156,129
BioID_1453.pgm,135,109,187,109,193,136,141,136
BioID_1454.pgm,133,107,183,107,195,134,145,134
BioID_1455.pgm,134,104,190,104,203,133,147,133
BioID_1456.pgm,138,107,196,109,210,140,152,138
BioID_1457.pgm,137,104,191,104,204,134,150,134
BioID_1458.pgm,136,120,192,122,199,147,143,145
BioID_1459.pgm,134,112,194,112,210,142,150,142
BioID_1460.pgm,132,106,190,108,204,137,146,135
BioID_1461.pgm,134,119,188,119,195,143,141,143
BioID_1462.pgm,134,116,192,118,199,142,141,140
BioID_1463.pgm,132,122,194,126,207,149,145,145
BioID_1464.pgm,129,118,187,122,200,145,142,141
BioID_1465.pgm,129,120,181,122,194,146,142,144
BioID_1466.pgm,128,103,182,103,196,132,142,132
BioID_1467.pgm,122,108,178,110,197,137,141,135
BioID_1468.pgm,125,111,187,113,203,139,141,137
BioID_1469.pgm,125,106,187,108,220,136,158,134
BioID_1470.pgm,140,119,194,119,201,145,147,145
BioID_1471.pgm,140,114,200,112,214,141,154,143
BioID_1472.pgm,142,124,198,126,210,150,154,148
BioID_1473.pgm,125,121,211,119,221,163,135,165
BioID_1474.pgm,136,118,218,114,229,151,147,155
BioID_1475.pgm,134,112,216,110,226,156,144,158
BioID_1476.pgm,134,102,202,104,218,136,150,134
BioID_1477.pgm,156,136,238,130,229,175,147,181
BioID_1478.pgm,124,128,210,124,221,161,135,165
BioID_1479.pgm,139,178,227,176,237,210,149,212
BioID_1480.pgm,137,163,219,163,228,202,146,202
BioID_1481.pgm,128,138,218,138,228,184,138,184
BioID_1482.pgm,130,120,220,118,229,166,139,168
BioID_1483.pgm,145,88,213,90,221,127,153,125
BioID_1484.pgm,138,93,204,95,219,136,153,134
BioID_1485.pgm,146,94,212,94,219,128,153,128
BioID_1486.pgm,141,155,199,151,208,182,150,186
BioID_1487.pgm,141,158,211,154,219,182,149,186
BioID_1488.pgm,140,151,196,149,201,173,145,175
BioID_1489.pgm,128,192,212,188,225,228,141,232
BioID_1490.pgm,144,63,186,63,190,86,148,86
BioID_1491.pgm,141,147,203,145,221,178,159,180
BioID_1492.pgm,137,151,211,151,219,187,145,187
BioID_1493.pgm,126,154,196,152,204,181,134,183
BioID_1494.pgm,142,166,204,164,196,195,134,197
BioID_1495.pgm,156,140,200,138,195,165,151,167
BioID_1496.pgm,155,120,199,118,195,146,151,148
BioID_1497.pgm,158,99,194,97,191,125,155,127
BioID_1498.pgm,159,104,201,102,197,129,155,131
BioID_1499.pgm,155,97,191,95,188,122,152,124
BioID_1500.pgm,156,102,194,100,190,127,152,129
BioID_1501.pgm,146,105,190,105,196,127,152,127
BioID_1502.pgm,156,106,198,104,194,134,152,136
BioID_1503.pgm,154,101,190,97,187,125,151,129
BioID_1504.pgm,159,102,193,98,190,125,156,129
BioID_1505.pgm,154,101,188,97,185,124,151,128
BioID_1506.pgm,145,99,183,97,188,124,150,126
BioID_1507.pgm,144,106,186,104,192,131,150,133
BioID_1508.pgm,161,97,201,89,201,112,161,120
BioID_1509.pgm,140,118,182,116,187,138,145,140
BioID_1510.pgm,152,99,194,95,191,125,149,129
BioID_1511.pgm,133,107,175,107,181,137,139,137
BioID_1512.pgm,156,101,190,99,192,123,158,125
BioID_1513.pgm,153,96,191,92,189,115,151,119
BioID_1514.pgm,153,99,185,99,194,126,162,126
BioID_1515.pgm,156,192,220,194,224,235,160,233
BioID_1516.pgm,145,181,209,183,222,222,158,220
BioID_1517.pgm,148,184,214,186,220,223,154,221
BioID_1518.pgm,144,194,214,196,220,233,150,231
BioID_1519.pgm,151,195,217,195,224,245,158,245
BioID_1520.pgm,149,188,217,190,222,229,154,227
