0000_02176.pgm,36,75,70,73,78,93,44,95
0000_02179.pgm,37,75,71,73,74,93,40,95
0000_02194.pgm,36,75,70,73,75,93,41,95
0000_02199.pgm,37,75,71,73,79,92,45,94
0000_02201.pgm,42,74,74,72,81,90,49,92
0000_02212.pgm,42,75,76,73,80,94,46,96
0000_02223.pgm,49,74,83,72,80,93,46,95
0000_02225.pgm,47,74,81,72,78,93,44,95
0000_02240.pgm,40,74,74,72,82,92,48,94
0000_02244.pgm,47,74,81,72,82,91,48,93
0000_02246.pgm,47,74,81,72,82,92,48,94
0000_02255.pgm,43,74,77,72,81,93,47,95
0000_02261.pgm,50,74,84,72,81,93,47,95
0000_02274.pgm,51,74,85,72,82,93,48,95
0000_02281.pgm,54,74,88,72,85,91,51,93
0000_02283.pgm,50,75,82,73,86,92,54,94
0000_02286.pgm,55,74,87,72,85,92,53,94
0000_02287.pgm,56,74,88,72,85,91,53,93
0000_02290.pgm,57,74,89,72,86,92,54,94
0000_02291.pgm,57,74,89,72,86,92,54,94
0000_02294.pgm,50,75,82,73,86,92,54,94
0000_02295.pgm,50,75,82,73,86,92,54,94
0000_02298.pgm,50,74,84,72,84,92,50,94
0000_02299.pgm,58,74,90,72,87,92,55,94
0000_02303.pgm,59,74,91,72,88,92,56,94
0000_02304.pgm,53,75,85,73,88,92,56,94
0000_02316.pgm,57,74,89,72,92,91,60,93
0000_02317.pgm,58,74,90,72,92,91,60,93
0000_02323.pgm,60,74,90,72,93,92,63,94
0000_02331.pgm,67,73,97,71,94,92,64,94
0000_02335.pgm,68,75,98,71,95,91,65,95
0000_02350.pgm,67,74,95,72,98,91,70,93
0000_02359.pgm,68,74,96,72,97,92,69,94
0000_02365.pgm,69,73,97,71,95,91,67,93
0000_02402.pgm,70,70,100,70,98,87,68,87
0000_02403.pgm,64,72,94,72,97,88,67,88
0000_02414.pgm,56,73,88,71,94,88,62,90
0000_02416.pgm,60,71,92,69,92,87,60,89
0000_02417.pgm,60,72,92,72,89,90,57,90
0000_02420.pgm,53,73,85,71,88,89,56,91
0000_02421.pgm,58,72,90,72,87,90,55,90
0000_02422.pgm,52,74,84,74,90,91,58,91
0000_02428.pgm,49,73,81,73,84,90,52,90
0000_02429.pgm,48,73,82,73,85,91,51,91
0000_02430.pgm,44,74,76,74,84,91,52,91
0000_02432.pgm,47,74,81,74,84,91,50,91
0000_02435.pgm,45,75,79,73,83,90,49,92
0000_02436.pgm,51,74,85,72,82,90,48,92
0000_02438.pgm,45,75,77,73,81,90,49,92
0000_02439.pgm,44,75,78,73,85,90,51,92
0000_02440.pgm,51,74,83,72,80,90,48,92
0000_02442.pgm,49,74,83,72,84,90,50,92
0000_02443.pgm,43,74,77,74,84,91,50,91
0000_02446.pgm,42,75,76,73,83,90,49,92
0000_02448.pgm,42,73,76,73,79,91,45,91
0000_02449.pgm,41,74,75,74,83,91,49,91
0000_02459.pgm,45,74,79,72,79,90,45,92
0000_02460.pgm,45,74,77,74,77,91,45,91
0000_02461.pgm,45,74,77,74,77,91,45,91
0000_02464.pgm,42,74,76,74,77,91,43,91
0000_02466.pgm,35,75,69,73,75,90,41,92
0000_02467.pgm,35,74,69,74,76,91,42,91
0000_02468.pgm,35,74,67,74,74,91,42,91
0000_02471.pgm,33,74,67,74,74,91,40,91
0000_02472.pgm,32,74,66,74,73,91,39,91
0000_02475.pgm,32,75,64,73,67,90,35,92
0000_02477.pgm,30,74,62,74,68,91,36,91
0000_02478.pgm,30,75,62,73,68,90,36,92
0000_02480.pgm,27,74,61,74,67,91,33,91
0000_02481.pgm,27,74,59,74,66,91,34,91
0000_02485.pgm,26,74,58,74,64,91,32,91
0000_02488.pgm,25,74,57,74,63,91,31,91
0000_02493.pgm,23,73,55,73,62,90,30,90
0000_02495.pgm,23,75,55,73,61,90,29,92
0000_02499.pgm,22,73,54,73,60,90,28,90
0000_02502.pgm,21,72,53,72,59,90,27,90
0000_02513.pgm,19,72,49,72,56,92,26,92
0000_02528.pgm,22,75,52,73,51,91,21,93
0000_02557.pgm,14,75,44,73,48,91,18,93
0000_02558.pgm,16,75,44,73,50,91,22,93
0000_02561.pgm,13,74,43,74,47,92,17,92
0000_02569.pgm,15,75,45,73,49,91,19,93
0000_02575.pgm,23,75,53,73,54,90,24,92
0000_02576.pgm,17,75,49,73,52,91,20,93
0000_02577.pgm,24,74,54,72,55,90,25,92
0000_02578.pgm,18,74,50,74,57,91,25,91
0000_02583.pgm,21,75,53,73,59,90,27,92
0000_02590.pgm,30,73,62,73,59,91,27,91
0000_02591.pgm,23,73,57,73,60,91,26,91
0000_02592.pgm,25,74,57,74,63,91,31,91
0000_02593.pgm,26,73,58,73,61,91,29,91
0000_02594.pgm,25,73,57,73,64,90,32,90
0000_02596.pgm,27,73,59,73,62,91,30,91
0000_02597.pgm,26,74,60,74,67,91,33,91
0000_02598.pgm,23,74,57,74,67,91,33,91
0000_02599.pgm,23,74,57,74,64,91,30,91
0000_02600.pgm,28,74,60,74,67,91,35,91
0000_02601.pgm,28,73,62,73,69,91,35,91
0000_02603.pgm,27,74,59,74,66,91,34,91
0000_02611.pgm,34,74,66,74,72,91,40,91
0000_02613.pgm,29,74,63,74,74,91,40,91
0000_02614.pgm,40,74,74,72,74,90,40,92
0000_02615.pgm,41,73,75,73,75,91,41,91
0000_02617.pgm,31,74,65,74,72,91,38,91
0000_02619.pgm,36,73,70,73,77,90,43,90
0000_02623.pgm,37,75,71,73,78,90,44,92
0000_02624.pgm,43,73,77,73,74,91,40,91
0000_02628.pgm,38,75,72,73,79,90,45,92
0000_02632.pgm,38,73,72,73,76,91,42,91
0000_02711.pgm,39,69,71,67,77,84,45,86
0000_02712.pgm,39,67,71,65,74,82,42,84
0000_02713.pgm,45,67,77,65,74,83,42,85
0000_02716.pgm,39,70,71,70,77,87,45,87
0000_02717.pgm,39,70,71,68,74,86,42,88
0000_02718.pgm,39,71,71,69,77,86,45,88
0000_02731.pgm,45,72,77,70,77,87,45,89
0000_02732.pgm,39,72,71,70,78,87,46,89
0000_02733.pgm,45,72,77,70,74,88,42,90
0000_02768.pgm,34,75,70,75,73,94,37,94
0000_02773.pgm,41,75,77,73,74,94,38,96
0000_02774.pgm,34,75,68,75,76,95,42,95
0000_02775.pgm,34,76,70,74,73,94,37,96
0000_02812.pgm,47,74,81,74,77,93,43,93
0000_02814.pgm,41,74,75,74,78,93,44,93
0000_02827.pgm,43,76,77,74,85,92,51,94
0000_02830.pgm,51,75,85,73,82,92,48,94
0000_02843.pgm,54,74,88,72,91,91,57,93
0000_02844.pgm,57,74,89,72,91,91,59,93
0000_02845.pgm,57,75,89,73,95,91,63,93
0000_02854.pgm,66,73,98,71,97,91,65,93
0000_02939.pgm,65,72,95,72,97,90,67,90
0000_02940.pgm,59,73,89,71,99,88,69,90
0000_02941.pgm,70,73,100,71,97,89,67,91
0000_02967.pgm,42,75,76,73,80,91,46,93
0000_02968.pgm,42,74,76,74,80,92,46,92
0000_02969.pgm,48,74,82,72,82,90,48,92
0000_02970.pgm,46,74,80,72,81,90,47,92
0000_02971.pgm,40,74,74,74,77,92,43,92
0000_02974.pgm,45,73,79,73,79,91,45,91
0000_02975.pgm,38,75,72,73,79,90,45,92
0000_02976.pgm,38,75,72,73,79,90,45,92
0000_02982.pgm,41,74,75,74,72,92,38,92
0000_02985.pgm,34,74,68,74,71,92,37,92
0000_02997.pgm,27,75,59,73,62,91,30,93
0000_02999.pgm,25,75,59,73,66,90,32,92
0000_03311.pgm,32,74,64,72,63,89,31,91
0000_03319.pgm,30,75,60,73,67,89,37,91
0000_03328.pgm,39,74,69,72,70,88,40,90
0000_03347.pgm,42,75,74,73,81,88,49,90
0000_03375.pgm,60,75,92,73,90,89,58,91
0000_03402.pgm,64,75,92,73,94,90,66,92
0000_03501.pgm,60,74,92,72,90,89,58,91
0000_03503.pgm,61,74,91,72,89,89,59,91
0000_03507.pgm,53,75,85,73,91,89,59,91
0000_03508.pgm,59,74,89,72,90,88,60,90
0000_03516.pgm,49,75,81,73,85,89,53,91
0000_03517.pgm,54,74,86,72,84,89,52,91
0000_03518.pgm,53,74,85,72,86,88,54,90
0000_03522.pgm,51,74,83,72,81,88,49,90
0000_03523.pgm,46,75,76,73,79,89,49,91
0000_03524.pgm,45,75,77,73,81,89,49,91
0000_03528.pgm,43,75,75,73,79,89,47,91
0000_03529.pgm,48,75,80,73,81,88,49,90
0000_03530.pgm,43,75,75,73,78,89,46,91
0000_03531.pgm,48,74,80,72,81,88,49,90
0000_03532.pgm,41,75,73,73,77,89,45,91
0000_03534.pgm,41,75,73,73,80,88,48,90
0000_03535.pgm,46,74,78,72,79,88,47,90
0000_03536.pgm,40,75,72,73,75,89,43,91
0000_03551.pgm,44,74,76,72,77,88,45,90
0000_03592.pgm,24,75,54,73,61,90,31,92
0000_03720.pgm,21,73,53,73,57,92,25,92
0000_03723.pgm,23,74,55,72,62,90,30,92
0000_03733.pgm,34,72,66,72,72,91,40,91
0000_03757.pgm,48,73,80,71,81,89,49,91
0000_03759.pgm,42,74,74,72,78,90,46,92
0000_03762.pgm,45,74,77,72,77,90,45,92
0000_03772.pgm,39,74,71,72,75,90,43,92
0000_03773.pgm,39,74,71,72,75,90,43,92
0000_03779.pgm,46,74,78,72,75,90,43,92
0000_03781.pgm,40,74,72,72,76,90,44,92
0000_03859.pgm,71,74,99,72,98,90,70,92
0000_04637.pgm,68,73,94,71,95,89,69,91
0000_04786.pgm,47,74,77,72,80,88,50,90
0000_04787.pgm,53,71,83,69,80,85,50,87
0000_04788.pgm,47,76,77,74,79,89,49,91
0000_04789.pgm,50,73,80,71,78,87,48,89
0000_04790.pgm,47,72,77,70,83,85,53,87
0000_04791.pgm,49,70,79,68,79,84,49,86
0000_05147.pgm,44,69,74,67,72,84,42,86
0000_05148.pgm,38,72,70,70,73,86,41,88
0000_05149.pgm,40,72,70,70,77,86,47,88
0000_05194.pgm,47,75,77,73,83,88,53,90
0000_05195.pgm,42,74,72,72,78,87,48,89
0000_05196.pgm,49,74,79,72,84,87,54,89
0000_05198.pgm,48,74,78,74,83,90,53,90
0000_05223.pgm,61,74,89,72,90,88,62,90
0000_05235.pgm,63,75,91,71,94,87,66,91
0000_05242.pgm,64,75,90,73,93,89,67,91
0000_05243.pgm,64,74,92,72,92,89,64,91
0001_00104.pgm,5,61,37,63,45,80,13,78
0001_00107.pgm,6,61,38,63,46,80,14,78
0001_00117.pgm,19,61,51,63,61,80,29,78
0001_00119.pgm,16,62,48,64,56,81,24,79
0001_00120.pgm,14,62,48,64,57,81,23,79
0001_00121.pgm,14,62,48,64,57,81,23,79
0001_00123.pgm,14,62,48,64,57,80,23,78
0001_00126.pgm,18,62,52,64,57,81,23,79
0001_00135.pgm,19,62,51,64,56,81,24,79
0001_00136.pgm,20,61,54,63,59,80,25,78
0001_00143.pgm,39,64,71,64,76,81,44,81
0001_00144.pgm,41,65,73,65,78,82,46,82
0001_00145.pgm,44,66,76,66,82,83,50,83
0001_00146.pgm,47,68,77,66,82,83,52,85
0001_00149.pgm,53,66,81,64,86,81,58,83
0001_00150.pgm,55,65,83,63,85,81,57,83
0001_00158.pgm,59,63,85,61,86,78,60,80
0001_00166.pgm,27,62,59,62,65,79,33,79
0001_00167.pgm,25,62,57,62,62,79,30,79
0001_00168.pgm,23,62,55,62,60,78,28,78
0001_00170.pgm,18,61,50,61,55,78,23,78
0001_00171.pgm,15,61,47,61,52,78,20,78
0001_00172.pgm,14,61,44,61,49,78,19,78
0001_00173.pgm,11,61,43,63,48,79,16,77
0001_00175.pgm,9,60,39,62,44,79,14,77
0001_00237.pgm,11,64,41,64,44,81,14,81
0001_00238.pgm,13,64,43,64,49,80,19,80
0001_00240.pgm,18,64,48,64,54,80,24,80
0001_00241.pgm,21,65,51,63,57,80,27,82
0001_00249.pgm,43,65,75,63,73,80,41,82
0001_00262.pgm,57,64,85,62,85,80,57,82
0001_00264.pgm,63,64,89,60,85,78,59,82
0001_00297.pgm,54,64,84,62,84,79,54,81
0001_00298.pgm,47,66,77,64,83,80,53,82
0001_00299.pgm,45,65,77,63,82,79,50,81
0001_00300.pgm,48,65,80,63,80,80,48,82
0001_00301.pgm,41,64,71,64,76,80,46,80
0001_00302.pgm,39,64,69,64,72,81,42,81
0001_00303.pgm,36,64,68,64,71,81,39,81
0001_00304.pgm,33,64,65,64,68,81,36,81
0001_00305.pgm,30,64,62,64,65,81,33,81
0001_00306.pgm,29,63,59,63,62,80,32,80
0001_00307.pgm,26,64,58,64,64,81,32,81
0001_00308.pgm,25,64,55,64,60,81,30,81
0001_00309.pgm,21,63,53,63,58,80,26,80
0001_00310.pgm,19,63,51,63,56,80,24,80
0001_00311.pgm,18,63,50,63,55,80,23,80
0001_00312.pgm,17,63,47,63,52,80,22,80
0001_00313.pgm,15,63,45,63,50,79,20,79
0001_00314.pgm,13,63,43,63,48,80,18,80
0001_00315.pgm,12,62,42,62,47,79,17,79
0001_00316.pgm,10,63,40,63,45,79,15,79
0001_00317.pgm,9,63,39,63,48,79,18,79
0001_00319.pgm,6,61,34,63,39,80,11,78
0001_00379.pgm,15,63,45,61,51,78,21,80
0001_00381.pgm,19,63,51,61,57,78,25,80
0001_00382.pgm,28,63,58,61,56,78,26,80
0001_00383.pgm,29,63,61,61,60,79,28,81
0001_00385.pgm,34,62,66,60,64,78,32,80
0001_00387.pgm,32,63,64,61,68,78,36,80
0001_00388.pgm,34,63,66,61,67,78,35,80
0001_00390.pgm,38,63,70,61,74,78,42,80
0001_00391.pgm,41,63,71,61,77,77,47,79
0001_00393.pgm,51,62,81,60,78,77,48,79
0001_00394.pgm,52,62,84,60,85,77,53,79
0001_00396.pgm,51,63,81,61,84,78,54,80
0001_00397.pgm,52,63,82,61,85,78,55,80
0001_00398.pgm,59,62,87,60,87,77,59,79
0001_00435.pgm,50,61,80,61,84,78,54,78
0001_00437.pgm,48,64,78,64,83,80,53,80
0001_00438.pgm,47,64,77,64,82,80,52,80
0001_00439.pgm,44,63,76,63,81,80,49,80
0001_00440.pgm,41,63,73,63,78,80,46,80
0001_00493.pgm,54,63,84,61,84,78,54,80
0001_00499.pgm,54,63,84,61,82,79,52,81
0001_00502.pgm,51,63,79,61,84,77,56,79
0001_00504.pgm,50,64,80,62,83,79,53,81
0001_00505.pgm,49,65,79,63,85,79,55,81
0001_00525.pgm,37,68,67,66,74,82,44,84
0001_00526.pgm,37,67,67,65,73,81,43,83
0001_00527.pgm,42,66,72,64,73,81,43,83
0001_00528.pgm,36,67,66,65,69,81,39,83
0001_00529.pgm,40,65,72,63,72,80,40,82
0001_00530.pgm,34,65,64,63,70,79,40,81
0001_00531.pgm,33,65,63,63,66,80,36,82
0001_00532.pgm,31,65,61,63,68,79,38,81
0001_00533.pgm,31,64,61,62,64,79,34,81
0001_00534.pgm,30,64,60,62,66,78,36,80
0001_00535.pgm,29,64,59,62,65,78,35,80
0001_00536.pgm,28,63,58,61,65,78,35,80
0001_00537.pgm,28,64,58,62,64,78,34,80
0001_00538.pgm,28,62,58,62,64,78,34,78
0001_00539.pgm,32,62,62,60,60,77,30,79
0001_00541.pgm,27,63,57,61,63,77,33,79
0001_00542.pgm,26,61,56,61,62,77,32,77
0001_00543.pgm,26,61,56,61,62,77,32,77
0001_00545.pgm,26,61,56,59,59,76,29,78
0001_00546.pgm,25,61,57,59,63,76,31,78
0001_00547.pgm,25,60,57,60,60,77,28,77
0001_00548.pgm,31,59,61,59,62,76,32,76
0001_00549.pgm,25,60,57,60,63,76,31,76
0001_00550.pgm,31,59,61,59,62,76,32,76
0001_00551.pgm,31,57,61,57,62,74,32,74
0001_00552.pgm,25,60,55,58,59,75,29,77
0001_00553.pgm,31,59,61,59,61,76,31,76
0001_00554.pgm,25,59,57,59,63,75,31,75
0001_00555.pgm,31,59,61,59,59,76,29,76
0001_00556.pgm,26,60,56,60,60,76,30,76
0001_00659.pgm,11,55,39,57,45,73,17,71
0001_00660.pgm,17,56,45,54,44,71,16,73
0001_00661.pgm,13,59,43,59,49,75,19,75
0001_00677.pgm,46,62,78,60,84,76,52,78
0001_00679.pgm,50,61,80,59,84,75,54,77
0001_00680.pgm,51,61,81,59,87,75,57,77
0001_00681.pgm,53,61,83,59,87,75,57,77
0001_00682.pgm,53,62,83,60,89,76,59,78
0001_00683.pgm,58,61,88,59,87,76,57,78
0001_00717.pgm,58,61,84,59,86,76,60,78
0001_00718.pgm,58,62,84,58,85,75,59,79
0001_00722.pgm,52,60,82,60,84,77,54,77
0001_00723.pgm,51,61,81,61,86,77,56,77
0001_00725.pgm,50,60,80,60,84,76,54,76
0001_00727.pgm,47,60,77,60,82,77,52,77
0001_00728.pgm,45,59,75,59,80,75,50,75
0001_00729.pgm,44,60,74,60,79,77,49,77
0001_00730.pgm,42,59,72,59,77,75,47,75
0001_00732.pgm,37,61,67,61,72,77,42,77
0001_00733.pgm,32,60,64,62,74,78,42,76
0001_00734.pgm,30,62,60,62,66,78,36,78
0001_00735.pgm,23,61,53,63,62,79,32,77
0001_00736.pgm,24,61,54,61,59,78,29,78
0001_00737.pgm,20,60,52,62,61,78,29,76
0001_00738.pgm,18,60,48,62,53,79,23,77
0001_00739.pgm,15,60,45,62,50,79,20,77
0001_00740.pgm,10,60,40,62,52,78,22,76
0001_00741.pgm,12,60,42,62,51,78,21,76
0001_00742.pgm,11,60,39,62,47,78,19,76
0001_00743.pgm,10,56,38,58,47,74,19,72
0001_00745.pgm,9,55,35,57,43,73,17,71
0001_00794.pgm,9,59,37,59,42,75,14,75
0001_00795.pgm,9,60,37,60,42,76,14,76
0001_00798.pgm,16,64,46,62,51,77,21,79
0001_00802.pgm,26,63,56,61,63,77,33,79
0001_00803.pgm,29,63,59,61,66,77,36,79
0001_00804.pgm,37,62,67,60,68,77,38,79
0001_00865.pgm,21,62,51,62,57,79,27,79
0001_00866.pgm,14,63,44,63,53,79,23,79
0001_00868.pgm,13,62,41,62,51,78,23,78
0001_00870.pgm,11,57,37,57,39,74,13,74
0001_00923.pgm,23,58,51,56,49,73,21,75
0001_00926.pgm,26,63,56,61,62,77,32,79
0001_01255.pgm,19,52,51,52,57,70,25,70
0001_01263.pgm,21,53,53,53,59,71,27,71
0001_01265.pgm,21,54,53,54,59,71,27,71
0001_01268.pgm,20,54,52,54,59,71,27,71
0001_01269.pgm,20,54,52,54,58,71,26,71
0001_01270.pgm,20,54,52,54,58,71,26,71
0001_01271.pgm,20,54,52,54,58,72,26,72
0001_01272.pgm,20,53,52,53,58,70,26,70
0001_01273.pgm,20,55,52,55,58,72,26,72
0001_01274.pgm,20,53,52,53,58,70,26,70
0001_01277.pgm,20,54,52,54,58,71,26,71
0001_01280.pgm,21,53,51,53,54,71,24,71
0001_01282.pgm,21,53,51,53,57,70,27,70
0001_01284.pgm,20,54,52,54,58,71,26,71
0001_01289.pgm,19,53,51,53,57,70,25,70
0001_01296.pgm,18,53,50,53,56,70,24,70
0001_01297.pgm,18,53,50,53,56,70,24,70
0001_01298.pgm,18,55,50,55,56,72,24,72
0001_01300.pgm,18,54,50,54,57,71,25,71
0001_01301.pgm,19,53,51,53,57,70,25,70
0001_01302.pgm,19,54,51,54,57,71,25,71
0001_01307.pgm,19,55,51,55,56,72,24,72
0001_01356.pgm,25,55,57,55,63,72,31,72
0001_01362.pgm,12,56,42,56,48,73,18,73
0001_01415.pgm,11,55,39,55,44,72,16,72
0001_01417.pgm,12,53,42,53,48,70,18,70
0001_01419.pgm,17,55,47,55,53,72,23,72
0001_01422.pgm,22,54,54,54,61,71,29,71
0001_01424.pgm,34,56,66,54,67,72,35,74
0001_01425.pgm,31,56,63,56,69,73,37,73
0001_01427.pgm,42,56,74,54,71,71,39,73
0001_01429.pgm,42,56,72,54,79,71,49,73
0001_01430.pgm,45,56,75,54,81,71,51,73
0001_01433.pgm,57,55,89,53,87,71,55,73
0001_01440.pgm,60,56,88,54,89,72,61,74
0001_01479.pgm,47,61,79,59,85,76,53,78
0001_01481.pgm,43,59,75,57,81,74,49,76
0001_01486.pgm,27,57,59,57,66,74,34,74
0001_01488.pgm,22,58,54,58,60,75,28,75
0001_01489.pgm,20,57,52,57,59,74,27,74
0001_01490.pgm,18,57,48,57,54,74,24,74
0001_01558.pgm,23,57,53,55,57,72,27,74
0001_01566.pgm,48,59,80,55,81,72,49,76
0001_01569.pgm,51,58,81,54,87,71,57,75
0001_01596.pgm,51,59,81,57,86,74,56,76
0001_01599.pgm,45,60,75,60,78,77,48,77
0001_01603.pgm,33,58,65,58,71,75,39,75
0001_01609.pgm,17,57,47,57,57,74,27,74
0002_00049.pgm,33,58,63,58,66,75,36,75
0002_00436.pgm,26,61,52,61,55,79,29,79
0002_00771.pgm,38,62,66,62,71,80,43,80
0002_00787.pgm,38,62,66,60,71,78,43,80
0002_00817.pgm,44,62,72,62,77,80,49,80
0002_00819.pgm,45,62,73,62,78,80,50,80
0002_00839.pgm,50,60,76,60,81,78,55,78
0002_00852.pgm,55,62,79,60,80,78,56,80
0002_01057.pgm,15,64,39,64,44,81,20,81
0002_01058.pgm,15,64,39,64,45,82,21,82
0002_01068.pgm,18,63,44,63,48,81,22,81
0002_01069.pgm,19,64,43,64,48,81,24,81
0002_01071.pgm,18,63,44,63,49,81,23,81
0002_01080.pgm,22,63,48,63,53,80,27,80
0002_01104.pgm,34,62,62,62,64,80,36,80
0002_01106.pgm,32,62,60,62,65,79,37,79
0002_01265.pgm,34,59,62,59,67,77,39,77
0002_01268.pgm,36,60,64,60,67,78,39,78
0002_01293.pgm,35,62,63,62,68,79,40,79
0002_01295.pgm,35,62,63,62,65,80,37,80
0002_01296.pgm,37,62,63,62,64,80,38,80
0002_01300.pgm,35,61,63,61,68,79,40,79
0002_01311.pgm,41,69,69,69,72,88,44,88
0002_01312.pgm,41,68,69,68,75,86,47,86
0002_01313.pgm,41,68,71,68,76,86,46,86
0002_01314.pgm,41,68,69,68,75,86,47,86
0002_01332.pgm,35,62,61,62,66,80,40,80
0002_01333.pgm,35,62,61,62,66,80,40,80
0002_j_00584.pgm,22,48,50,48,55,66,27,66
0002_j_00592.pgm,23,48,51,48,56,65,28,65
0002_j_00595.pgm,21,48,49,48,54,65,26,65
0002_j_00606.pgm,21,45,49,47,58,64,30,62
0002_j_00608.pgm,20,49,48,49,53,66,25,66
0002_j_00610.pgm,21,49,49,49,54,65,26,65
0002_j_00613.pgm,22,48,48,48,53,65,27,65
0002_j_00615.pgm,24,49,52,49,61,66,33,66
0002_j_00616.pgm,23,46,53,46,58,65,28,65
0002_j_00618.pgm,21,48,51,48,57,67,27,67
0002_j_00619.pgm,22,46,52,46,57,65,27,65
0002_j_00779.pgm,21,44,49,46,54,64,26,62
0002_j_00781.pgm,22,45,50,45,55,63,27,63
0002_j_00782.pgm,21,45,49,45,54,64,26,64
0002_j_00784.pgm,22,45,50,45,55,64,27,64
0002_j_00793.pgm,22,45,50,47,55,66,27,64
0002_j_00986.pgm,24,45,50,45,54,63,28,63
0002_j_00992.pgm,24,47,52,47,57,66,29,66
0002_j_01006.pgm,21,44,49,44,55,63,27,63
0002_j_01008.pgm,21,42,49,44,55,63,27,61
0002_j_01010.pgm,24,46,52,46,57,65,29,65
0002_j_01015.pgm,22,44,50,44,52,63,24,63
0002_j_01017.pgm,22,44,50,44,55,62,27,62
0002_j_01018.pgm,22,44,50,46,55,65,27,63
0002_j_01020.pgm,23,46,51,46,56,65,28,65
0002_j_01021.pgm,22,45,50,45,55,64,27,64
0002_j_01023.pgm,23,46,51,46,56,65,28,65
0002_j_01024.pgm,22,43,50,43,55,62,27,62
0002_j_01026.pgm,24,45,50,47,55,66,29,64
0002_j_01027.pgm,20,45,48,45,53,63,25,63
0002_j_01028.pgm,23,43,49,43,53,61,27,61
0002_j_01029.pgm,23,45,49,45,53,64,27,64
0002_j_01031.pgm,22,45,52,45,57,64,27,64
0002_j_01032.pgm,25,44,51,44,56,63,30,63
0002_j_01033.pgm,25,45,51,45,53,64,27,64
0002_j_01036.pgm,24,46,50,46,55,64,29,64
0002_j_01041.pgm,24,46,50,46,55,65,29,65
0002_j_01044.pgm,23,46,51,46,56,65,28,65
0002_j_01046.pgm,23,43,51,45,56,65,28,63
0002_j_01051.pgm,19,44,47,46,52,66,24,64
0002_j_01052.pgm,20,43,48,45,53,65,25,63
0002_j_01055.pgm,21,45,49,45,55,64,27,64
0002_j_01057.pgm,22,46,50,46,56,64,28,64
0002_j_01059.pgm,26,43,52,43,56,62,30,62
0002_j_01060.pgm,23,46,53,46,59,65,29,65
0002_j_01061.pgm,23,45,51,45,56,64,28,64
0002_j_01062.pgm,23,46,53,46,56,66,26,66
0002_j_01063.pgm,23,45,51,45,56,64,28,64
0002_j_01064.pgm,22,45,50,45,55,64,27,64
0002_j_01065.pgm,20,48,48,48,53,66,25,66
0002_j_01066.pgm,23,46,51,46,56,64,28,64
0002_j_01067.pgm,25,44,53,44,58,63,30,63
0002_j_01068.pgm,26,46,54,46,59,66,31,66
0002_j_01072.pgm,21,45,49,45,54,63,26,63
0002_j_01074.pgm,19,43,47,45,52,64,24,62
0002_j_01076.pgm,25,45,53,45,58,63,30,63
0002_j_01078.pgm,23,47,51,47,56,66,28,66
0002_j_01079.pgm,24,48,52,48,58,66,30,66
0002_j_01080.pgm,24,47,52,47,58,65,30,65
0002_j_01091.pgm,26,45,54,45,56,64,28,64
0002_j_01092.pgm,23,45,49,45,51,63,25,63
0002_j_01094.pgm,25,47,53,47,58,65,30,65
0002_j_01095.pgm,24,45,52,45,58,64,30,64
0002_j_01096.pgm,23,45,51,45,56,63,28,63
0002_j_01098.pgm,25,47,55,47,57,66,27,66
0002_j_01100.pgm,23,45,51,45,56,63,28,63
0002_j_01103.pgm,22,46,50,46,52,65,24,65
0002_j_01104.pgm,23,46,51,46,56,64,28,64
0002_j_01105.pgm,23,46,51,46,56,64,28,64
0002_j_01115.pgm,24,48,52,48,57,67,29,67
0002_j_01118.pgm,22,44,50,44,56,62,28,62
0002_j_01120.pgm,21,45,49,45,54,64,26,64
0002_j_01123.pgm,21,47,49,47,55,66,27,66
0002_j_01125.pgm,20,45,50,45,55,65,25,65
0002_j_01129.pgm,23,44,51,44,56,63,28,63
0002_j_01131.pgm,22,46,50,46,55,65,27,65
0002_j_01132.pgm,23,46,51,46,57,65,29,65
0002_j_01133.pgm,22,44,50,44,55,63,27,63
0002_j_01141.pgm,22,46,50,46,57,65,29,65
0002_j_01142.pgm,23,45,51,45,56,64,28,64
0002_j_01143.pgm,22,45,48,45,53,63,27,63
0002_j_01144.pgm,21,47,49,47,52,66,24,66
0002_j_01145.pgm,21,45,49,45,52,64,24,64
0002_j_01194.pgm,26,46,54,44,57,63,29,65
0002_j_01195.pgm,29,47,57,47,55,66,27,66
0002_j_01198.pgm,24,49,52,49,55,68,27,68
0002_j_01200.pgm,25,48,51,48,53,67,27,67
0002_j_01201.pgm,23,49,51,49,54,68,26,68
0002_j_01202.pgm,26,48,54,48,57,67,29,67
0002_j_01203.pgm,26,47,52,47,57,65,31,65
0002_j_01204.pgm,24,48,50,48,52,67,26,67
0002_j_01207.pgm,23,47,51,47,56,65,28,65
0002_j_01226.pgm,23,44,51,44,56,62,28,62
0002_j_01229.pgm,23,47,53,47,59,66,29,66
0002_j_01232.pgm,23,47,53,47,58,66,28,66
0002_j_01233.pgm,25,46,53,46,58,65,30,65
0002_j_01243.pgm,24,45,52,45,58,63,30,63
0002_j_01244.pgm,23,45,53,45,59,63,29,63
0002_j_01245.pgm,24,45,52,45,57,62,29,62
0002_j_01246.pgm,24,47,52,47,55,66,27,66
0002_j_01248.pgm,25,45,53,45,59,63,31,63
0002_j_01249.pgm,25,48,53,48,59,66,31,66
0002_j_01251.pgm,25,46,53,46,59,63,31,63
0002_j_01253.pgm,24,45,52,45,59,63,31,63
0002_j_01255.pgm,24,46,52,46,58,64,30,64
0002_j_01256.pgm,24,46,52,46,59,64,31,64
0002_j_01259.pgm,24,45,52,45,58,63,30,63
0002_j_01261.pgm,24,47,52,47,55,65,27,65
0002_j_01262.pgm,24,46,52,46,55,65,27,65
0002_j_01265.pgm,24,46,52,46,57,64,29,64
0002_j_01269.pgm,23,45,49,45,55,63,29,63
0002_j_01271.pgm,24,46,52,46,58,65,30,65
0002_j_01273.pgm,21,44,49,44,54,63,26,63
0002_j_01274.pgm,22,43,50,43,55,61,27,61
0002_j_01275.pgm,23,47,51,47,56,66,28,66
0002_j_01276.pgm,21,47,51,47,57,66,27,66
0002_j_01277.pgm,23,47,51,47,56,66,28,66
0002_j_01278.pgm,24,45,52,45,57,64,29,64
0002_j_01279.pgm,23,43,51,43,56,61,28,61
0002_j_01282.pgm,20,48,48,48,53,66,25,66
0002_j_01283.pgm,23,46,51,46,56,65,28,65
0002_j_01284.pgm,25,47,51,47,56,65,30,65
0002_j_01287.pgm,24,47,52,47,57,66,29,66
0002_j_01289.pgm,22,50,50,50,55,69,27,69
0002_j_01292.pgm,24,46,52,46,57,64,29,64
0002_j_01296.pgm,23,46,51,46,56,65,28,65
0002_j_01299.pgm,20,43,48,45,53,64,25,62
0002_j_01309.pgm,22,44,50,44,58,61,30,61
0002_j_01312.pgm,23,44,51,44,57,62,29,62
0002_j_01315.pgm,29,48,55,48,53,67,27,67
0002_j_01318.pgm,24,49,50,47,55,65,29,67
0002_j_01320.pgm,32,46,60,46,60,65,32,65
0002_j_01323.pgm,25,46,53,46,58,64,30,64
0002_j_01325.pgm,23,48,51,48,57,66,29,66
0002_j_01333.pgm,22,44,48,44,53,62,27,62
0002_j_01334.pgm,23,43,51,45,56,64,28,62
0002_j_01336.pgm,23,45,51,47,56,66,28,64
0002_j_01337.pgm,18,45,46,47,51,66,23,64
0002_je_00003.pgm,26,79,60,79,63,100,29,100
0002_je_00087.pgm,57,75,85,73,87,93,59,95
0002_je_00089.pgm,64,77,90,71,90,91,64,97
0002_je_00090.pgm,60,77,86,71,88,91,62,97
0002_je_00155.pgm,40,78,74,78,81,98,47,98
0002_je_00156.pgm,41,78,75,78,78,99,44,99
0002_je_00157.pgm,40,78,74,78,81,99,47,99
0002_je_00203.pgm,7,74,37,74,43,94,13,94
0002_je_00204.pgm,8,73,38,73,43,93,13,93
0002_je_00205.pgm,8,73,36,73,42,93,14,93
0002_je_00206.pgm,5,73,37,73,43,93,11,93
0002_je_00207.pgm,12,72,42,72,43,92,13,92
0002_je_00208.pgm,6,73,36,73,42,92,12,92
0002_je_00209.pgm,5,71,35,71,42,94,12,94
0002_je_00272.pgm,14,72,42,72,43,93,15,93
0002_je_00274.pgm,15,73,45,73,42,94,12,94
0002_je_00275.pgm,12,74,44,74,47,94,15,94
0002_je_00276.pgm,12,72,44,72,51,92,19,92
0002_je_00641.pgm,69,73,95,67,94,87,68,93
0002_je_00642.pgm,66,73,90,67,94,87,70,93
0002_je_00714.pgm,46,75,78,75,81,96,49,96
0002_je_00715.pgm,53,76,83,74,83,95,53,97
0002_je_00727.pgm,31,76,65,76,71,98,37,98
0002_je_00728.pgm,29,76,61,76,68,97,36,97
0002_je_00740.pgm,7,69,37,71,42,92,12,90
0002_je_00741.pgm,6,70,36,72,47,92,17,90
0002_je_00746.pgm,3,69,31,71,41,91,13,89
0002_je_00747.pgm,4,69,30,71,40,91,14,89
0002_je_00828.pgm,13,72,45,72,48,93,16,93
0002_je_00832.pgm,52,74,84,74,81,95,49,95
0002_je_00834.pgm,54,74,86,72,83,93,51,95
0002_je_00835.pgm,54,73,86,71,86,92,54,94
0002_je_00836.pgm,55,73,87,71,84,92,52,94
0002_je_00837.pgm,55,72,87,70,84,91,52,93
0003_00511.pgm,28,52,60,50,63,68,31,70
0003_00513.pgm,28,51,60,49,66,68,34,70
0003_00597.pgm,26,52,58,50,65,68,33,70
0003_00598.pgm,26,52,58,50,61,68,29,70
0003_00617.pgm,22,53,54,51,57,70,25,72
0003_00634.pgm,18,52,50,50,53,68,21,70
0003_00652.pgm,18,52,50,50,54,69,22,71
0003_00657.pgm,25,52,57,50,54,69,22,71
0003_00659.pgm,19,53,51,51,55,69,23,71
0003_00662.pgm,20,52,52,50,55,69,23,71
0003_00663.pgm,26,52,58,50,56,69,24,71
0003_00664.pgm,26,52,58,50,56,69,24,71
0003_00665.pgm,21,52,53,50,56,68,24,70
0003_00666.pgm,20,52,52,50,59,68,27,70
0003_00667.pgm,27,52,59,50,56,69,24,71
0003_00683.pgm,32,52,64,50,61,69,29,71
0003_00696.pgm,31,52,63,50,69,68,37,70
0003_00717.pgm,38,52,70,50,73,68,41,70
0003_00719.pgm,39,50,71,50,77,68,45,68
0003_00722.pgm,40,52,72,50,75,68,43,70
0003_00723.pgm,40,52,72,50,75,68,43,70
0003_00724.pgm,40,52,72,50,79,67,47,69
0003_00726.pgm,41,52,73,50,76,68,44,70
0003_00727.pgm,41,52,73,50,80,67,48,69
0003_00731.pgm,43,51,75,49,81,67,49,69
0003_00777.pgm,47,52,79,50,84,68,52,70
0003_00778.pgm,46,50,78,50,81,69,49,69
0003_00798.pgm,38,51,70,49,73,67,41,69
0003_00812.pgm,32,50,64,50,67,68,35,68
0003_00813.pgm,32,51,64,49,66,68,34,70
0003_00814.pgm,38,51,70,49,66,68,34,70
0003_00816.pgm,37,51,69,49,65,68,33,70
0003_00840.pgm,17,51,49,49,56,67,24,69
0003_00845.pgm,16,51,48,49,54,67,22,69
0003_00848.pgm,15,50,47,48,53,67,21,69
0003_00849.pgm,14,50,46,48,49,67,17,69
0003_00933.pgm,10,48,40,48,43,67,13,67
0003_00942.pgm,19,49,49,47,47,66,17,68
0003_00969.pgm,24,50,58,50,60,69,26,69
0003_00999.pgm,39,49,71,49,78,67,46,67
0003_01039.pgm,51,50,83,50,89,68,57,68
0003_01078.pgm,62,50,88,46,90,65,64,69
0003_01113.pgm,61,52,89,48,91,66,63,70
0003_01149.pgm,49,49,81,47,87,66,55,68
0003_01168.pgm,40,49,72,49,75,68,43,68
0003_01169.pgm,40,50,72,50,78,68,46,68
0003_01171.pgm,39,49,71,49,77,67,45,67
0003_01173.pgm,38,49,70,49,76,67,44,67
0003_01183.pgm,30,49,64,49,70,67,36,67
0003_01214.pgm,14,50,44,48,50,66,20,68
0003_01215.pgm,12,50,44,48,50,66,18,68
0003_01216.pgm,12,50,44,48,50,66,18,68
0003_01218.pgm,11,49,43,47,49,66,17,68
0003_01219.pgm,17,49,47,47,45,66,15,68
0003_01283.pgm,11,50,41,48,44,66,14,68
0003_01295.pgm,19,49,53,49,59,67,25,67
0003_01296.pgm,19,48,53,48,59,66,25,66
0003_01297.pgm,19,49,53,49,59,67,25,67
0003_01299.pgm,19,48,53,48,59,67,25,67
0003_01301.pgm,20,48,52,48,54,67,22,67
0003_01302.pgm,19,48,53,48,56,67,22,67
0003_01304.pgm,20,48,52,48,58,66,26,66
0003_01314.pgm,27,46,61,46,67,63,33,63
0003_01334.pgm,10,48,42,46,45,65,13,67
0003_01338.pgm,14,48,44,46,41,65,11,67
0003_01342.pgm,6,49,36,47,39,66,9,68
0003_01344.pgm,7,50,37,48,42,66,12,68
0003_01352.pgm,4,48,34,48,37,66,7,66
0003_01427.pgm,7,48,37,46,43,64,13,66
0003_01428.pgm,7,47,37,47,42,65,12,65
0003_01430.pgm,8,47,38,47,40,66,10,66
0003_01431.pgm,8,49,38,47,43,65,13,67
0003_01434.pgm,8,48,38,46,44,64,14,66
0003_01435.pgm,8,48,40,46,43,65,11,67
0003_01437.pgm,9,48,41,46,47,64,15,66
0003_01458.pgm,14,48,46,46,48,65,16,67
0003_01459.pgm,14,48,48,46,54,64,20,66
0003_01460.pgm,15,47,47,47,53,65,21,65
0003_01462.pgm,16,47,48,47,54,65,22,65
0003_01463.pgm,16,48,50,48,53,67,19,67
0003_01465.pgm,18,48,52,48,57,66,23,66
0003_01466.pgm,19,47,51,47,54,66,22,66
0003_01467.pgm,19,49,53,49,55,67,21,67
0003_01470.pgm,22,48,56,48,62,66,28,66
0003_01472.pgm,24,48,58,48,64,66,30,66
0003_01473.pgm,26,49,60,49,66,67,32,67
0003_01474.pgm,28,50,62,50,68,68,34,68
0003_01478.pgm,30,49,64,49,66,68,32,68
0003_01483.pgm,32,49,66,49,73,67,39,67
0003_01517.pgm,54,47,86,49,91,67,59,65
0003_01520.pgm,57,46,87,48,91,67,61,65
0003_01521.pgm,56,46,88,48,92,67,60,65
0003_01523.pgm,58,46,88,48,92,66,62,64
0003_01524.pgm,52,47,84,49,93,67,61,65
0003_01527.pgm,60,47,90,47,91,66,61,66
0003_01594.pgm,61,49,89,47,93,65,65,67
0003_01596.pgm,59,48,89,48,93,66,63,66
0003_01598.pgm,59,48,89,48,93,67,63,67
0003_01600.pgm,56,49,88,49,95,66,63,66
0003_01603.pgm,54,48,86,50,91,68,59,66
0003_01607.pgm,52,49,84,49,89,67,57,67
0003_01622.pgm,46,49,78,49,80,68,48,68
0003_01623.pgm,45,49,77,49,83,68,51,68
0003_01625.pgm,43,50,77,50,83,68,49,68
0003_01627.pgm,43,50,77,50,83,68,49,68
0003_01630.pgm,41,50,75,50,81,68,47,68
0003_01644.pgm,32,50,64,50,67,68,35,68
0003_01646.pgm,30,50,64,50,70,68,36,68
0003_01648.pgm,28,49,62,49,68,67,34,67
0003_01651.pgm,26,49,60,49,67,67,33,67
0003_01652.pgm,26,50,60,50,63,69,29,69
0003_01654.pgm,25,49,59,49,65,67,31,67
0003_01655.pgm,24,49,58,49,64,67,30,67
0003_01656.pgm,23,49,57,49,63,67,29,67
0003_01657.pgm,23,49,57,49,63,67,29,67
0003_01661.pgm,20,49,54,49,57,68,23,68
0003_01663.pgm,19,48,53,48,58,67,24,67
0003_01665.pgm,18,49,52,49,58,67,24,67
0003_01676.pgm,10,49,44,47,50,66,16,68
0003_01678.pgm,10,49,42,47,48,66,16,68
0003_01679.pgm,9,49,41,47,44,66,12,68
0003_01768.pgm,7,50,39,50,45,67,13,67
0003_01789.pgm,16,49,48,47,45,66,13,68
0003_01791.pgm,16,49,48,47,45,66,13,68
0003_01795.pgm,13,50,47,50,54,69,20,69
0003_01796.pgm,13,50,47,50,54,69,20,69
0003_01797.pgm,13,50,47,50,54,69,20,69
0003_01799.pgm,13,50,47,50,54,69,20,69
0003_01801.pgm,13,50,47,50,54,69,20,69
0003_01802.pgm,13,49,47,49,54,68,20,68
0003_01803.pgm,14,50,48,50,54,69,20,69
0003_01805.pgm,13,50,47,50,54,69,20,69
0003_01806.pgm,14,50,46,50,53,69,21,69
0003_01807.pgm,13,50,47,50,54,68,20,68
0003_01810.pgm,13,50,47,50,54,68,20,68
0003_01812.pgm,13,49,47,49,53,68,19,68
0003_01814.pgm,14,50,48,50,54,68,20,68
0003_01816.pgm,13,49,47,49,54,68,20,68
0003_01818.pgm,12,50,46,50,53,68,19,68
0003_01820.pgm,12,49,46,49,53,68,19,68
0003_01841.pgm,4,50,34,48,40,67,10,69
0003_01847.pgm,4,47,32,49,38,68,10,66
0003_01921.pgm,5,50,35,50,41,68,11,68
0003_01922.pgm,5,50,37,50,40,69,8,69
0003_01923.pgm,5,49,37,49,43,68,11,68
0003_01924.pgm,6,51,38,51,44,70,12,70
0003_01927.pgm,7,49,39,49,46,68,14,68
0003_01930.pgm,8,50,40,50,43,69,11,69
0003_01931.pgm,9,49,41,49,48,68,16,68
0003_01934.pgm,9,49,43,49,51,68,17,68
0003_01935.pgm,9,50,43,50,50,69,16,69
0003_01940.pgm,13,50,47,50,53,69,19,69
0003_01941.pgm,14,49,48,49,54,69,20,69
0003_01942.pgm,14,50,48,50,54,69,20,69
0003_01943.pgm,15,49,49,49,55,68,21,68
0003_01945.pgm,15,50,51,50,57,69,21,69
0003_01949.pgm,20,49,54,49,61,68,27,68
0003_01955.pgm,25,49,59,49,66,67,32,67
0003_01959.pgm,30,49,64,49,70,68,36,68
0003_01960.pgm,30,49,64,49,70,68,36,68
0003_01961.pgm,34,49,68,49,75,68,41,68
0003_01964.pgm,38,49,72,49,78,68,44,68
0003_01965.pgm,39,49,73,49,76,68,42,68
0003_02043.pgm,61,48,89,46,93,65,65,67
0003_02044.pgm,61,48,91,46,94,65,64,67
0003_02046.pgm,60,48,90,46,93,65,63,67
0003_02051.pgm,57,47,87,47,94,65,64,65
0003_02052.pgm,56,47,86,47,90,65,60,65
0003_02054.pgm,54,48,86,48,91,66,59,66
0003_02056.pgm,53,48,85,48,90,66,58,66
0003_02057.pgm,53,48,85,48,87,67,55,67
0003_02059.pgm,52,48,84,48,88,67,56,67
0003_02062.pgm,50,46,82,48,87,67,55,65
0003_02078.pgm,39,48,73,48,80,67,46,67
0003_02081.pgm,35,48,69,48,76,67,42,67
0003_02087.pgm,29,49,63,49,70,68,36,68
0003_02088.pgm,28,49,62,49,69,68,35,68
0003_02090.pgm,28,49,62,49,68,68,34,68
0003_02092.pgm,26,48,60,50,66,69,32,67
0003_02094.pgm,24,48,58,50,64,69,30,67
0003_02098.pgm,21,49,55,49,61,68,27,68
0003_02100.pgm,19,49,53,49,60,68,26,68
0003_02102.pgm,18,49,52,49,55,69,21,69
0003_02103.pgm,18,48,52,50,58,69,24,67
0003_02104.pgm,17,48,51,50,58,70,24,68
0003_02107.pgm,15,49,49,49,55,68,21,68
0003_02116.pgm,10,50,44,50,51,69,17,69
0003_02117.pgm,10,48,44,50,51,69,17,67
0003_02118.pgm,10,49,44,49,51,68,17,68
0003_02119.pgm,10,49,44,49,51,68,17,68
0003_02121.pgm,10,49,42,49,48,69,16,69
0003_02122.pgm,8,47,42,49,49,69,15,67
0003_02126.pgm,6,48,40,50,47,69,13,67
0003_02130.pgm,6,50,38,50,45,69,13,69
0003_02131.pgm,5,50,37,50,44,68,12,68
0003_02132.pgm,5,50,37,50,44,69,12,69
0003_02133.pgm,4,49,36,49,43,68,11,68
0003_02134.pgm,4,49,36,49,43,68,11,68
0003_02137.pgm,3,49,35,49,42,68,10,68
0003_02138.pgm,4,49,34,49,41,68,11,68
0004_06831.pgm,30,54,62,52,68,70,36,72
0004_06838.pgm,29,55,61,53,68,71,36,73
0004_06839.pgm,30,55,62,53,65,71,33,73
0004_06840.pgm,29,55,61,53,67,71,35,73
0004_06841.pgm,29,55,61,53,64,71,32,73
0004_06842.pgm,29,55,61,53,64,71,32,73
0004_06843.pgm,29,55,61,53,65,71,33,73
0004_06844.pgm,29,54,61,52,68,70,36,72
0004_06845.pgm,29,54,61,52,68,70,36,72
0004_06846.pgm,29,54,61,52,68,70,36,72
0004_06851.pgm,29,54,61,52,68,70,36,72
0004_06853.pgm,30,54,62,52,68,70,36,72
0004_06854.pgm,29,54,61,52,67,70,35,72
0004_06855.pgm,30,54,62,52,68,70,36,72
0004_06856.pgm,29,54,61,52,68,70,36,72
0004_06857.pgm,29,54,61,52,68,70,36,72
0004_06859.pgm,29,55,61,53,65,71,33,73
0004_06872.pgm,29,55,61,53,67,71,35,73
0004_06885.pgm,38,53,70,51,76,69,44,71
0004_06886.pgm,39,54,71,52,77,70,45,72
0004_06887.pgm,39,52,71,52,77,70,45,70
0004_06888.pgm,41,51,73,51,80,69,48,69
0004_06892.pgm,43,51,75,49,81,67,49,69
0004_06893.pgm,46,51,78,51,81,70,49,70
0004_06894.pgm,45,50,77,48,83,66,51,68
0004_06895.pgm,47,51,77,51,83,69,53,69
0004_06896.pgm,47,49,77,47,82,65,52,67
0004_06897.pgm,49,50,79,50,85,68,55,68
0004_06898.pgm,49,49,79,49,84,67,54,67
0004_06899.pgm,50,49,80,49,82,68,52,68
0004_06900.pgm,50,49,80,49,85,67,55,67
0004_06902.pgm,55,48,85,48,90,66,60,66
0004_06903.pgm,53,49,83,49,88,67,58,67
0004_06904.pgm,53,49,83,49,88,67,58,67
0004_06905.pgm,55,48,85,48,89,66,59,66
0004_06906.pgm,55,48,85,48,90,66,60,66
0004_06933.pgm,53,49,83,47,85,66,55,68
0004_06935.pgm,50,48,80,48,85,66,55,66
0004_06963.pgm,34,50,66,48,73,66,41,68
0004_06970.pgm,31,50,63,48,66,67,34,69
0004_06973.pgm,38,47,70,45,71,64,39,66
0004_06998.pgm,24,50,56,48,62,66,30,68
0004_07000.pgm,24,50,54,48,60,66,30,68
0004_07012.pgm,21,50,51,48,57,66,27,68
0004_07034.pgm,18,49,48,47,51,66,21,68
0004_07037.pgm,16,50,46,48,48,67,18,69
0004_07042.pgm,13,50,43,48,49,66,19,68
0004_07058.pgm,16,49,44,47,43,66,15,68
0004_07059.pgm,11,48,39,46,45,65,17,67
0004_07060.pgm,11,49,39,47,43,66,15,68
0004_07061.pgm,11,49,39,47,42,66,14,68
0004_07062.pgm,16,49,44,47,45,66,17,68
0004_07065.pgm,10,49,38,47,42,66,14,68
0004_07066.pgm,11,49,39,47,40,66,12,68
0004_07067.pgm,16,48,44,46,46,65,18,67
0004_07068.pgm,10,49,38,47,42,66,14,68
0004_07069.pgm,11,49,39,47,42,66,14,68
0004_07072.pgm,10,50,40,48,46,66,16,68
0004_07108.pgm,19,49,49,47,52,66,22,68
0004_07110.pgm,24,49,54,47,55,66,25,68
0004_07117.pgm,21,50,51,48,54,67,24,69
0004_07142.pgm,25,47,57,45,63,63,31,65
0004_07145.pgm,34,46,66,44,64,63,32,65
0004_07212.pgm,36,49,68,47,69,66,37,68
0004_07215.pgm,27,50,59,48,66,66,34,68
0004_ct_00000.pgm,28,65,58,63,64,81,34,83
0004_ct_00001.pgm,35,65,65,63,62,82,32,84
0004_ct_00002.pgm,34,64,64,62,62,81,32,83
0004_ct_00003.pgm,34,63,64,61,62,80,32,82
0004_ct_00004.pgm,28,65,58,63,65,81,35,83
0004_ct_00005.pgm,28,65,58,63,65,81,35,83
0004_ct_00006.pgm,34,65,66,63,67,82,35,84
0004_ct_00007.pgm,35,66,67,64,65,84,33,86
0004_ct_00008.pgm,16,41,46,41,53,59,23,59
0004_ct_00009.pgm,16,42,46,40,52,58,22,60
0004_ct_00011.pgm,20,43,52,41,53,60,21,62
0004_ct_00012.pgm,15,41,45,41,49,60,19,60
0004_ct_00013.pgm,21,42,51,40,52,59,22,61
0004_ct_00014.pgm,38,72,72,70,73,90,39,92
0004_ct_00015.pgm,29,65,59,63,62,82,32,84
0004_ct_00016.pgm,34,64,64,62,62,81,32,83
0004_ct_00017.pgm,35,65,65,63,66,82,36,84
0004_ct_00018.pgm,34,63,64,61,62,80,32,82
0004_ct_00019.pgm,28,64,58,62,65,81,35,83
0004_ct_00020.pgm,34,64,64,62,65,81,35,83
0004_ct_00021.pgm,28,65,58,63,62,82,32,84
0004_ct_00022.pgm,34,64,64,62,65,81,35,83
0004_ct_00023.pgm,29,65,59,63,62,82,32,84
0004_ct_00026.pgm,17,42,49,40,53,59,21,61
0004_ct_00027.pgm,16,43,48,41,55,59,23,61
0004_ct_00028.pgm,17,42,49,40,55,58,23,60
0004_ct_00029.pgm,16,43,48,41,52,59,20,61
0004_ct_00030.pgm,18,42,50,40,57,58,25,60
0004_ct_00036.pgm,18,42,50,42,57,60,25,60
0004_ct_00037.pgm,25,43,57,41,57,59,25,61
0004_ct_00038.pgm,23,42,53,40,55,58,25,60
0004_ct_00043.pgm,29,64,59,62,63,81,33,83
0004_ct_00112.pgm,38,76,74,72,71,92,35,96
0004_ct_00114.pgm,38,75,74,73,71,93,35,95
0004_ct_00132.pgm,24,42,54,40,57,60,27,62
0004_ct_00133.pgm,22,43,54,41,56,61,24,63
0004_ct_00134.pgm,29,40,57,38,55,57,27,59
0004_ct_00135.pgm,25,41,55,39,57,59,27,61
0004_ct_00136.pgm,30,40,60,38,56,58,26,60
0004_ct_00137.pgm,28,45,58,43,55,63,25,65
0004_ct_00138.pgm,27,43,57,41,57,60,27,62
0004_ct_00140.pgm,27,40,59,38,56,58,24,60
0004_ct_00141.pgm,20,42,52,40,58,59,26,61
0004_ct_00143.pgm,26,43,56,41,54,61,24,63
0004_ct_00144.pgm,22,42,52,40,54,59,24,61
0004_ct_00145.pgm,21,40,51,38,54,57,24,59
0004_ct_00146.pgm,23,43,55,41,52,62,20,64
0004_ct_00147.pgm,19,43,51,41,54,60,22,62
0004_ct_00149.pgm,26,41,56,39,56,58,26,60
0004_ct_00150.pgm,22,43,54,41,55,61,23,63
0004_ct_00151.pgm,25,42,55,40,55,59,25,61
0004_ct_00153.pgm,24,42,56,42,56,62,24,62
0004_ct_00154.pgm,24,42,54,40,51,59,21,61
0004_ct_00156.pgm,17,44,47,42,52,62,22,64
0004_ct_00157.pgm,16,43,48,41,52,61,20,63
0004_ct_00158.pgm,23,42,55,40,55,60,23,62
0004_ct_00159.pgm,21,38,55,38,52,59,18,59
0004_ct_00160.pgm,23,41,55,41,53,61,21,61
0004_ct_00161.pgm,23,42,53,40,54,59,24,61
0004_ct_00162.pgm,19,42,49,42,55,61,25,61
0004_ct_00163.pgm,23,42,55,42,55,61,23,61
0004_ct_00164.pgm,16,41,48,41,51,61,19,61
0004_ct_00165.pgm,22,41,56,39,56,59,22,61
0004_ct_00166.pgm,26,42,56,42,53,61,23,61
0004_ct_00167.pgm,17,45,49,43,55,62,23,64
0004_ct_00168.pgm,19,43,51,43,54,62,22,62
0004_ct_00169.pgm,18,45,50,43,53,62,21,64
0004_ct_00170.pgm,25,41,57,41,57,60,25,60
0004_ct_00171.pgm,22,42,52,40,57,58,27,60
0004_ct_00172.pgm,24,43,56,41,53,61,21,63
0004_ct_00173.pgm,23,42,57,40,57,60,23,62
0004_ct_00174.pgm,24,42,54,42,56,60,26,60
0004_ct_00175.pgm,27,41,57,39,54,58,24,60
0004_ct_00176.pgm,22,41,52,41,57,59,27,59
0004_ct_00177.pgm,25,43,57,43,58,62,26,62
0004_ct_00178.pgm,18,43,50,41,53,60,21,62
0004_ct_00179.pgm,24,46,56,44,54,64,22,66
0004_ct_00180.pgm,27,43,57,43,55,62,25,62
0004_ct_00181.pgm,23,42,53,42,55,60,25,60
0004_ct_00183.pgm,20,41,52,39,55,59,23,61
0004_ct_00184.pgm,27,40,59,38,56,58,24,60
0004_ct_00186.pgm,22,45,54,43,56,62,24,64
0004_ct_00188.pgm,21,43,53,41,56,61,24,63
0004_ct_00189.pgm,20,43,52,41,58,60,26,62
0004_ct_00190.pgm,21,42,53,40,59,59,27,61
0004_ct_00191.pgm,24,40,54,38,60,56,30,58
0004_ct_00192.pgm,23,41,53,39,56,58,26,60
0004_ct_00193.pgm,28,41,58,39,58,58,28,60
0004_ct_00194.pgm,27,42,59,40,56,60,24,62
0004_ct_00197.pgm,21,45,53,43,59,62,27,64
0004_ct_00198.pgm,23,43,53,41,56,60,26,62
0004_ct_00199.pgm,30,41,60,39,57,59,27,61
0004_ct_00200.pgm,22,41,52,39,55,58,25,60
0004_ct_00201.pgm,22,40,54,38,59,58,27,60
0004_ct_00203.pgm,24,40,54,38,57,57,27,59
0004_ct_00204.pgm,29,40,59,38,57,58,27,60
0004_ct_00205.pgm,24,40,54,38,56,58,26,60
0004_ct_00207.pgm,20,40,52,38,55,58,23,60
0004_ct_00365.pgm,55,60,83,58,87,75,59,77
0004_ct_00370.pgm,50,64,80,62,86,80,56,82
0004_ct_00371.pgm,50,63,80,61,85,79,55,81
0004_ct_00373.pgm,49,64,79,62,84,80,54,82
0004_ct_00374.pgm,54,64,84,62,82,81,52,83
0004_ct_00437.pgm,30,70,66,68,70,86,34,88
0004_ct_00756.pgm,33,75,67,73,71,92,37,94
0004_ct_00758.pgm,38,70,70,68,71,87,39,89
0004_ct_00801.pgm,35,74,69,72,66,92,32,94
0004_ct_00802.pgm,34,73,68,71,68,90,34,92
0004_ct_00810.pgm,19,70,51,68,55,87,23,89
0004_ct_00811.pgm,18,73,50,71,55,90,23,92
0004_ct_00812.pgm,15,68,47,66,55,84,23,86
0004_ct_00813.pgm,15,68,47,66,50,85,18,87
0004_ct_00814.pgm,20,68,52,66,50,85,18,87
0004_ct_00815.pgm,14,72,46,70,49,89,17,91
0004_ct_00819.pgm,16,71,48,69,50,88,18,90
0004_ct_00900.pgm,42,67,72,65,70,84,40,86
0004_ct_00902.pgm,43,67,73,65,74,84,44,86
0004_ct_00903.pgm,37,68,69,66,73,85,41,87
0004_ct_00908.pgm,46,66,78,64,76,84,44,86
0004_ct_00909.pgm,47,70,79,68,80,87,48,89
0004_ct_00910.pgm,49,67,79,65,74,85,44,87
0004_ct_00911.pgm,49,67,79,65,76,84,46,86
0004_ct_00912.pgm,49,66,79,64,77,83,47,85
0004_ct_00913.pgm,50,66,80,64,81,83,51,85
0004_ct_00914.pgm,45,67,75,65,78,84,48,86
0004_ct_00915.pgm,46,69,76,67,82,85,52,87
0004_ct_00916.pgm,47,67,77,65,80,84,50,86
0004_ct_00917.pgm,52,67,82,65,80,84,50,86
0004_ct_00919.pgm,47,65,77,63,83,81,53,83
0004_ct_00920.pgm,53,65,83,63,81,82,51,84
0004_ct_00984.pgm,7,69,39,67,46,86,14,88
0004_ct_00986.pgm,6,69,38,67,41,86,9,88
0004_ct_01120.pgm,39,76,73,74,70,94,36,96
0004_ct_01281.pgm,39,71,71,67,72,86,40,90
0004_ct_01289.pgm,33,72,65,68,69,87,37,91
0005_00026.pgm,47,68,85,66,82,84,44,86
0005_00033.pgm,47,67,87,65,84,83,44,85
0005_00059.pgm,24,67,64,65,74,83,34,85
0005_00061.pgm,38,67,78,65,74,83,34,85
0005_00136.pgm,28,63,64,63,62,84,26,84
0005_00137.pgm,19,66,57,66,62,87,24,87
0005_00140.pgm,15,65,51,65,59,85,23,85
0005_003781.pgm,21,41,55,39,56,56,22,58
0005_003821.pgm,22,42,54,40,55,56,23,58
0005_003831.pgm,22,42,54,40,52,56,20,58
0005_003841.pgm,22,42,54,40,55,56,23,58
0005_00386.pgm,41,65,75,65,72,85,38,85
0005_00387.pgm,39,65,73,65,71,85,37,85
0005_00388.pgm,35,70,71,68,79,87,43,89
0005_00391.pgm,35,70,71,68,79,87,43,89
0005_003911.pgm,15,42,49,40,56,55,22,57
0005_003961.pgm,23,41,55,41,52,58,20,58
0005_00402.pgm,32,65,66,65,70,84,36,84
0005_004021.pgm,23,42,55,40,55,55,23,57
0005_00403.pgm,32,66,66,64,70,83,36,85
0005_004031.pgm,16,43,48,41,52,56,20,58
0005_00404.pgm,39,67,75,65,72,84,36,86
0005_004041.pgm,22,42,56,40,56,56,22,58
0005_00405.pgm,39,66,75,64,73,83,37,85
0005_00406.pgm,40,65,76,65,73,84,37,84
0005_004061.pgm,14,41,48,41,55,58,21,58
0005_004081.pgm,16,42,48,40,55,56,23,58
0005_004121.pgm,22,42,54,40,55,55,23,57
0005_00437.pgm,17,68,51,68,59,86,25,86
0005_00445.pgm,49,70,83,68,81,87,47,89
0005_005611.pgm,5,42,37,40,40,55,8,57
0005_005631.pgm,11,41,43,41,43,56,11,56
0005_00726.pgm,13,69,47,69,55,87,21,87
0005_00767.pgm,34,64,70,64,77,81,41,81
0005_00769.pgm,35,65,69,65,76,81,42,81
0005_00866.pgm,42,61,74,59,80,76,48,78
0005_00867.pgm,51,67,85,65,86,83,52,85
0005_00873.pgm,32,69,66,67,74,85,40,87
0005_00984.pgm,32,63,66,63,73,81,39,81
0005_a00188.pgm,29,66,63,64,67,84,33,86
0005_a00294.pgm,39,68,73,68,84,86,50,86
0005_a00414.pgm,40,69,74,67,77,83,43,85
0005_a00417.pgm,46,65,80,63,84,78,50,80
0005_a00572.pgm,50,67,84,67,84,86,50,86
0005_a00741.pgm,58,62,90,60,88,79,56,81
0005_a00779.pgm,21,69,53,69,62,85,30,85
0005_a00803.pgm,47,67,81,65,87,83,53,85
0005_a00872.pgm,26,63,60,63,67,81,33,81
0005_jt_00034.pgm,13,46,47,46,55,63,21,63
0005_jt_00035.pgm,14,45,48,43,55,61,21,63
0005_jt_00042.pgm,14,46,48,46,55,63,21,63
0005_jt_00057.pgm,13,46,49,46,52,64,16,64
0005_jt_00058.pgm,15,42,49,40,56,57,22,59
0005_jt_00059.pgm,20,47,54,45,55,63,21,65
0005_jt_00060.pgm,14,43,48,43,52,61,18,61
0005_jt_00061.pgm,14,46,48,46,52,64,18,64
0005_jt_00083.pgm,15,43,49,43,52,61,18,61
0005_jt_00085.pgm,13,47,49,45,56,63,20,65
0005_jt_00272.pgm,22,46,58,44,54,62,18,64
0005_jt_00276.pgm,13,47,49,45,52,63,16,65
0005_jt_00278.pgm,12,47,48,45,55,62,19,64
0005_jt_00280.pgm,13,47,47,45,55,63,21,65
0005_jt_00337.pgm,13,46,49,46,56,64,20,64
0005_jt_00378.pgm,16,48,50,48,56,65,22,65
0005_jt_00383.pgm,14,48,48,46,55,64,21,66
0005_jt_00384.pgm,15,47,49,47,56,65,22,65
0005_jt_00386.pgm,15,48,51,46,58,64,22,66
0005_jt_00421.pgm,20,41,56,41,57,59,21,59
0005_jt_00425.pgm,10,42,46,40,50,59,14,61
0005_jt_00484.pgm,12,48,50,46,58,64,20,66
0005_jt_00541.pgm,9,44,47,42,51,60,13,62
0005_jt_00567.pgm,12,47,50,45,54,63,16,65
0005_jt_00572.pgm,12,47,50,45,54,64,16,66
0005_jt_00594.pgm,13,46,49,44,52,63,16,65
0005_m_00291.pgm,15,47,51,45,59,64,23,66
0005_m_00292.pgm,16,47,52,45,56,64,20,66
0005_m_00346.pgm,21,47,53,47,54,65,22,65
0005_m_00347.pgm,15,48,47,48,51,66,19,66
0005_m_00348.pgm,21,47,53,47,55,65,23,65
0005_m_00349.pgm,16,47,48,47,55,65,23,65
0005_m_00350.pgm,13,48,45,48,54,65,22,65
0005_m_00510.pgm,15,47,49,47,56,66,22,66
0005_m_00511.pgm,14,47,50,47,53,66,17,66
0005_m_00512.pgm,12,49,46,49,53,67,19,67
0005_m_00513.pgm,15,46,49,46,56,65,22,65
0005_m_00514.pgm,15,43,49,43,56,62,22,62
0005_m_00611.pgm,16,45,50,45,56,62,22,62
0005_mt_00036.pgm,8,49,44,49,51,66,15,66
0005_mt_00038.pgm,14,46,48,46,51,63,17,63
0005_mt_00047.pgm,9,46,43,44,50,60,16,62
0005_mt_00078.pgm,20,41,56,39,53,57,17,59
0005_mt_00081.pgm,17,46,55,44,52,62,14,64
0005_mt_00084.pgm,6,47,44,45,56,61,18,63
0005_mt_00086.pgm,10,44,46,42,54,59,18,61
0005_mt_00169.pgm,-1,44,37,44,51,63,13,63
0005_mt_00176.pgm,3,47,41,47,54,65,16,65
0005_mt_00314.pgm,13,44,51,44,59,61,21,61
0005_mt_00316.pgm,13,47,51,45,59,62,21,64
0005_mt_00322.pgm,12,47,48,45,56,61,20,63
0005_mt_00323.pgm,14,46,52,46,55,64,17,64
0005_mt_00324.pgm,14,46,52,46,59,63,21,63
0005_mt_00326.pgm,12,46,48,46,55,63,19,63
0005_mt_00329.pgm,12,47,48,45,56,62,20,64
0005_mt_00353.pgm,10,44,44,44,54,60,20,60
0005_mt_00354.pgm,10,46,46,46,48,63,12,63
0005_mt_00355.pgm,13,46,47,46,54,62,20,62
0005_mt_00365.pgm,9,48,45,46,56,62,20,64
0005_mt_00371.pgm,11,47,47,47,54,64,18,64
0005_mt_00372.pgm,14,45,50,45,57,62,21,62
0005_mt_00373.pgm,14,45,50,45,57,62,21,62
0005_mt_00374.pgm,7,47,45,45,53,62,15,64
0005_mt_00375.pgm,8,47,44,45,56,62,20,64
0005_mt_00379.pgm,5,49,43,47,56,64,18,66
0005_mt_00383.pgm,6,46,42,46,49,62,13,62
0005_mt_00385.pgm,13,47,49,45,56,62,20,64
0005_mt_00386.pgm,13,46,49,46,56,63,20,63
0005_mt_00387.pgm,13,42,49,42,56,59,20,59
0005_mt_00388.pgm,10,47,46,47,53,64,17,64
0005_mt_00390.pgm,12,45,48,45,55,62,19,62
0005_mt_00396.pgm,17,46,53,44,49,62,13,64
0005_mt_00418.pgm,11,49,47,49,55,66,19,66
0005_mt_00419.pgm,11,50,47,48,55,65,19,67
0005_mt_00420.pgm,13,46,49,46,52,64,16,64
0005_mt_00421.pgm,12,47,48,45,52,63,16,65
0005_mt_00422.pgm,13,47,49,45,56,63,20,65
0005_mt_00423.pgm,12,45,48,45,56,63,20,63
0005_mt_00425.pgm,11,48,47,46,50,64,14,66
0005_mt_00426.pgm,20,48,56,46,52,65,16,67
0005_mt_00427.pgm,13,47,49,47,53,65,17,65
0005_mt_00428.pgm,13,48,47,46,51,64,17,66
0005_mt_00429.pgm,12,47,48,45,56,63,20,65
0005_mt_00430.pgm,13,48,47,46,51,64,17,66
0005_mt_00431.pgm,13,46,49,44,56,62,20,64
0005_mt_00432.pgm,15,45,49,43,56,61,22,63
0005_mt_00435.pgm,13,50,47,48,51,66,17,68
0005_mt_00456.pgm,12,48,48,48,55,65,19,65
0005_mt_00458.pgm,15,48,49,46,52,64,18,66
0005_mt_00470.pgm,13,48,47,48,51,66,17,66
0005_mt_00471.pgm,12,46,48,46,52,64,16,64
0005_mt_00472.pgm,21,48,57,46,54,64,18,66
0005_mt_00473.pgm,12,48,46,46,50,64,16,66
0005_mt_00477.pgm,19,48,55,46,56,64,20,66
0005_mt_00492.pgm,26,48,62,46,60,65,24,67
0005_mt_00499.pgm,15,45,49,45,53,63,19,63
0005_mt_00501.pgm,21,41,55,39,52,57,18,59
0005_mt_00521.pgm,12,46,44,46,53,62,21,62
0005_mt_00528.pgm,14,44,48,44,51,62,17,62
0005_mt_00546.pgm,22,47,56,45,59,63,25,65
0005_mt_00547.pgm,27,46,61,44,61,62,27,64
0005_mt_00560.pgm,13,43,49,43,56,61,20,61
0005_mt_00596.pgm,13,44,47,44,50,62,16,62
0005_mt_00598.pgm,10,47,44,47,52,65,18,65
0005_mt_00622.pgm,25,46,59,44,56,62,22,64
0005_mt_00623.pgm,25,47,59,45,56,64,22,66
0005_mt_00625.pgm,24,46,56,44,53,62,21,64
0005_mt_00626.pgm,23,43,57,41,54,59,20,61
0005_mt_00636.pgm,17,47,51,45,54,64,20,66
0005_mt_00640.pgm,14,48,48,46,55,64,21,66
0005_mt_00698.pgm,26,47,60,45,57,64,23,66
0005_mt_00700.pgm,19,46,53,44,56,62,22,64
0005_mt_00701.pgm,16,45,50,43,53,61,19,63
0005_mt_00702.pgm,24,44,58,42,55,61,21,63
0005_mt_00703.pgm,16,48,50,46,53,64,19,66
0005_mt_00756.pgm,16,50,50,48,53,66,19,68
0005_mt_00760.pgm,15,48,49,46,53,64,19,66
0005_mt_00761.pgm,15,50,51,48,51,66,15,68
0005_mt_00762.pgm,20,44,54,42,51,61,17,63
0005_mt_00766.pgm,16,44,50,42,53,60,19,62
0005_mt_00767.pgm,24,48,56,46,53,65,21,67
0005_mt_00768.pgm,17,49,49,47,53,65,21,67
0005_mt_00769.pgm,17,47,51,45,55,63,21,65
0005_mt_00770.pgm,25,46,57,44,54,63,22,65
0005_mt_00773.pgm,22,45,58,43,54,62,18,64
0005_mt_00776.pgm,22,45,56,43,53,62,19,64
0005_mt_00790.pgm,17,48,51,46,54,65,20,67
0005_mt_00791.pgm,14,42,48,40,51,58,17,60
0005_mt_00793.pgm,16,49,50,49,54,67,20,67
0005_mt_00794.pgm,20,45,54,43,52,62,18,64
0005_mt_00795.pgm,11,48,45,46,48,64,14,66
0005_mt_00806.pgm,15,44,47,44,53,61,21,61
0005_mt_00808.pgm,13,44,47,44,50,63,16,63
0005_mt_00811.pgm,12,47,46,47,53,65,19,65
0005_mt_00871.pgm,13,46,45,46,52,64,20,64
0005_mt_00878.pgm,13,47,47,47,49,65,15,65
0005_mt_01803.pgm,14,44,44,44,52,61,22,61
0005_mt_01866.pgm,9,46,45,46,57,65,21,65
0005_mt_02141.pgm,14,43,46,43,53,62,21,62
0005_mt_02142.pgm,14,44,46,44,50,63,18,63
0005_mt_02143.pgm,14,47,48,47,55,65,21,65
0005_mt_02144.pgm,11,43,45,43,52,62,18,62
0005_mt_02145.pgm,12,47,46,47,50,66,16,66
0005_mt_02147.pgm,17,43,49,43,52,62,20,62
0005_mt_02149.pgm,14,41,46,41,53,60,21,60
0005_mt_02150.pgm,22,45,52,45,49,64,19,64
0005_mt_02151.pgm,14,47,44,47,50,66,20,66
0006_per101_-1472200704.pgm,51,87,83,85,79,103,47,105
0006_per102_1212153856.pgm,49,86,81,84,64,101,32,103
0006_per103_1610612736.pgm,47,86,79,84,64,101,32,103
0006_per104_394264576.pgm,46,86,76,84,62,100,32,102
0006_per105_-25165824.pgm,38,86,68,86,60,101,30,101
0006_per106_-1488977920.pgm,37,84,69,84,79,100,47,100
0006_per107_222298112.pgm,31,81,63,81,77,97,45,97
0006_per108_1061158912.pgm,27,72,59,74,73,91,41,89
0006_per109_1992294400.pgm,26,76,58,76,72,91,40,91
0006_per12_1023410176.pgm,43,86,71,82,70,100,42,104
0006_per134_2097152000.pgm,29,89,57,87,60,103,32,105
0006_per135_2004877312.pgm,26,90,56,88,61,102,31,104
0006_per136_335544320.pgm,25,82,55,80,60,96,30,98
0006_per137_1518338048.pgm,24,80,54,80,60,96,30,96
0006_per138_1212153856.pgm,27,75,59,73,51,91,19,93
0006_per139_1807745024.pgm,27,86,59,84,54,101,22,103
0006_per13_1358954496.pgm,47,86,75,84,73,100,45,102
0006_per140_1795162112.pgm,22,78,52,74,47,91,17,95
0006_per141_-1656750080.pgm,33,86,67,82,54,101,20,105
0006_per144_1602224128.pgm,48,86,80,82,67,101,35,105
0006_per14_-515899392.pgm,41,85,69,83,67,100,39,102
0006_per150_553648128.pgm,42,84,72,82,76,98,46,100
0006_per151_-952107008.pgm,45,84,75,82,79,100,49,102
0006_per152_981467136.pgm,41,85,71,83,77,99,47,101
0006_per153_377487360.pgm,39,83,71,83,77,100,45,100
0006_per154_-1048576000.pgm,30,83,62,83,76,98,44,98
0006_per155_-1434451968.pgm,35,82,65,84,73,100,43,98
0006_per156_-142606336.pgm,33,84,63,86,75,103,45,101
0006_per157_-1027604480.pgm,42,85,70,87,73,105,45,103
0006_per15_2017460224.pgm,25,72,53,70,59,85,31,87
0006_per162_-1992294400.pgm,51,83,81,79,68,96,38,100
0006_per163_159383552.pgm,37,83,67,81,70,97,40,99
0006_per164_-520093696.pgm,31,81,63,79,69,95,37,97
0006_per165_-1900019712.pgm,31,83,63,83,69,99,37,99
0006_per166_-734003200.pgm,27,76,59,76,65,92,33,92
0006_per167_1983905792.pgm,28,80,60,80,70,97,38,97
0006_per168_-1732247552.pgm,28,79,60,79,52,95,20,95
0006_per169_-1241513984.pgm,24,75,58,75,73,91,39,91
0006_per16_-1853882368.pgm,38,86,68,84,74,98,44,100
0006_per180_-901775360.pgm,24,79,54,77,60,93,30,95
0006_per181_264241152.pgm,26,84,54,82,56,99,28,101
0006_per182_-1832910848.pgm,29,86,57,84,60,101,32,103
0006_per186_83886080.pgm,20,75,48,75,53,92,25,92
0006_per191_838860800.pgm,22,77,48,77,53,93,27,93
0006_per202_1585446912.pgm,35,81,65,79,66,95,36,97
0006_per203_390070272.pgm,38,85,68,83,69,99,39,101
0006_per204_-1530920960.pgm,35,86,65,84,72,100,42,102
0006_per205_1765801984.pgm,41,86,71,82,70,99,40,103
0006_per207_1887436800.pgm,41,86,71,82,72,98,42,102
0006_per211_-2051014656.pgm,38,87,68,85,74,101,44,103
0006_per212_1740636160.pgm,43,87,75,83,73,99,41,103
0006_per213_1468006400.pgm,43,87,75,83,75,100,43,104
0006_per214_-171966464.pgm,45,85,75,81,74,98,44,102
0006_per215_-1140850688.pgm,45,88,75,84,70,101,40,105
0006_per218_427819008.pgm,48,86,78,82,77,99,47,103
0006_per222_-1585446912.pgm,49,84,79,82,78,99,48,101
0006_per224_620756992.pgm,42,85,74,83,78,100,46,102
0006_per233_281018368.pgm,41,84,71,82,69,98,39,100
0006_per236_511705088.pgm,34,86,66,86,69,102,37,102
0006_per237_-381681664.pgm,28,84,62,84,68,99,34,99
0006_per238_-121634816.pgm,28,82,62,82,69,97,35,97
0006_per239_1614807040.pgm,37,85,69,83,65,99,33,101
0006_per240_-54525952.pgm,30,85,62,83,69,98,37,100
0006_per241_-1417674752.pgm,31,84,63,84,69,99,37,99
0006_per242_-1119879168.pgm,28,83,60,83,66,98,34,98
0006_per243_629145600.pgm,30,83,62,83,77,97,45,97
0006_per244_377487360.pgm,29,85,61,83,54,97,22,99
0006_per245_1862270976.pgm,31,84,63,84,73,98,41,98
0006_per246_-478150656.pgm,32,85,64,83,69,98,37,100
0006_per247_1543503872.pgm,31,83,61,83,63,98,33,98
0006_per248_155189248.pgm,28,83,58,81,64,96,34,98
0006_per249_-524288000.pgm,27,83,57,81,60,97,30,99
0006_per250_-893386752.pgm,26,83,56,81,59,97,29,99
0006_per251_-1409286144.pgm,25,78,57,76,59,93,27,95
0006_per252_-306184192.pgm,24,79,56,77,61,93,29,95
0006_per253_-1556086784.pgm,30,84,62,82,57,99,25,101
0006_per254_1757413376.pgm,28,88,58,86,61,102,31,104
0006_per255_889192448.pgm,33,87,63,85,63,102,33,104
0006_per256_557842432.pgm,30,87,60,85,61,101,31,103
0006_per257_-159383552.pgm,31,85,59,83,56,100,28,102
0006_per258_-67108864.pgm,26,87,56,85,57,103,27,105
0006_per259_1660944384.pgm,23,77,51,77,56,94,28,94
0006_per261_-448790528.pgm,20,79,50,77,46,92,16,94
0006_per262_1841299456.pgm,21,76,51,74,53,92,23,94
0006_per263_-1002438656.pgm,21,78,51,76,51,93,21,95
0006_per264_1556086784.pgm,39,83,67,81,71,96,43,98
0006_per265_-1287651328.pgm,39,84,67,82,69,98,41,100
0006_per266_1417674752.pgm,23,76,53,74,56,91,26,93
0006_per267_-499122176.pgm,26,87,56,85,58,101,28,103
0006_per268_1598029824.pgm,26,89,56,87,61,104,31,106
0006_per269_-1061158912.pgm,28,84,58,82,63,97,33,99
0006_per26_-1447034880.pgm,46,93,80,91,81,107,47,109
0006_per270_2076180480.pgm,32,85,64,83,75,98,43,100
0006_per271_1207959552.pgm,30,83,62,81,65,97,33,99
0006_per272_784334848.pgm,33,85,65,83,68,99,36,101
0006_per273_-415236096.pgm,40,84,72,82,72,98,40,100
0006_per274_1124073472.pgm,38,82,68,80,66,96,36,98
0006_per275_-679477248.pgm,32,83,64,81,70,96,38,98
0006_per276_2092957696.pgm,35,85,67,83,73,98,41,100
0006_per277_-1929379840.pgm,41,84,73,82,74,98,42,100
0006_per278_-1715470336.pgm,42,85,74,83,71,99,39,101
0006_per279_1669332992.pgm,38,85,70,83,71,99,39,101
0006_per280_1845493760.pgm,38,84,70,82,76,98,44,100
0006_per281_654311424.pgm,45,84,77,82,64,98,32,100
0006_per282_1757413376.pgm,41,76,73,74,64,91,32,93
0006_per283_-977272832.pgm,47,85,77,83,63,99,33,101
0006_per284_142606336.pgm,41,85,71,83,62,99,32,101
0006_per285_-1384120320.pgm,46,84,78,82,64,99,32,101
0006_per286_-268435456.pgm,41,86,71,84,62,100,32,102
0006_per287_46137344.pgm,41,80,73,78,58,94,26,96
0006_per288_-1304428544.pgm,40,86,70,84,76,100,46,102
0006_per289_155189248.pgm,41,76,71,74,72,90,42,92
0006_per28_-448790528.pgm,45,85,75,83,73,100,43,102
0006_per290_960495616.pgm,43,79,73,77,74,93,44,95
0006_per291_226492416.pgm,44,80,74,78,75,95,45,97
0006_per292_-1325400064.pgm,46,85,76,83,74,101,44,103
0006_per293_1841299456.pgm,43,76,73,74,74,91,44,93
0006_per294_-1480589312.pgm,44,76,72,74,72,91,44,93
0006_per296_-117440512.pgm,42,72,72,70,73,87,43,89
0006_per297_1220542464.pgm,44,88,74,86,78,104,48,106
0006_per298_671088640.pgm,44,75,72,73,73,91,45,93
0006_per299_-1111490560.pgm,49,87,81,85,79,104,47,106
0006_per29_-230686720.pgm,38,86,68,84,72,102,42,104
0006_per300_-1266679808.pgm,42,76,72,74,73,91,43,93
0006_per301_-2097152000.pgm,42,84,72,82,76,99,46,101
0006_per302_-1275068416.pgm,40,84,70,82,74,99,44,101
0006_per303_1098907648.pgm,42,87,74,83,78,100,46,104
0006_per304_-750780416.pgm,39,87,71,83,75,100,43,104
0006_per305_-2034237440.pgm,48,86,80,84,77,101,45,103
0006_per306_-1493172224.pgm,41,80,73,78,71,95,39,97
0006_per307_1203765248.pgm,43,83,75,81,76,97,44,99
0006_per308_864026624.pgm,43,84,75,82,75,98,43,100
0006_per309_-1614807040.pgm,44,84,76,82,76,98,44,100
0006_per30_-406847488.pgm,35,87,67,83,71,99,39,103
0006_per310_1300234240.pgm,36,85,68,85,75,100,43,100
0006_per311_-167772160.pgm,37,85,69,83,76,99,44,101
0006_per312_1245708288.pgm,37,86,69,84,76,101,44,103
0006_per313_2080374784.pgm,42,84,74,84,71,103,39,103
0006_per314_427819008.pgm,39,85,69,83,70,101,40,103
0006_per315_-364904448.pgm,36,84,66,84,72,102,42,102
0006_per316_-1686110208.pgm,34,85,64,83,70,101,40,103
0006_per317_-1157627904.pgm,31,85,63,83,69,99,37,101
0006_per318_-985661440.pgm,31,85,63,83,68,100,36,102
0006_per319_1270874112.pgm,29,86,61,84,67,100,35,102
0006_per31_-264241152.pgm,34,84,66,82,58,96,26,98
0006_per320_-859832320.pgm,28,81,60,81,63,98,31,98
0006_per321_1182793728.pgm,27,83,59,83,65,99,33,99
0006_per322_1426063360.pgm,27,82,59,82,65,98,33,98
0006_per323_880803840.pgm,26,81,58,81,64,98,32,98
0006_per324_1514143744.pgm,51,93,81,91,78,114,48,116
0006_per325_-960495616.pgm,48,106,82,104,86,127,52,129
0006_per33_868220928.pgm,40,84,72,82,70,98,38,100
0006_per35_1514143744.pgm,38,85,70,83,78,98,46,100
0006_per36_977272832.pgm,41,85,73,83,71,99,39,101
0006_per38_-557842432.pgm,43,87,75,85,76,103,44,105
0006_per39_1283457024.pgm,43,85,73,83,74,101,44,103
0006_per44_-905969664.pgm,44,85,80,83,78,100,42,102
0006_per45_-201326592.pgm,37,85,69,83,72,99,40,101
0006_per46_1035993088.pgm,34,85,66,83,70,99,38,101
0006_per47_1832910848.pgm,34,85,66,83,72,98,40,100
0006_per48_1526726656.pgm,37,85,67,83,70,100,40,102
0006_per49_2118123520.pgm,35,85,65,83,71,99,41,101
0006_per50_541065216.pgm,35,86,65,84,68,100,38,102
0006_per51_369098752.pgm,37,85,67,83,73,99,43,101
0006_per52_1048576000.pgm,43,85,73,83,74,100,44,102
0006_per53_-562036736.pgm,43,85,73,83,74,100,44,102
0006_per54_-1740636160.pgm,34,85,64,83,65,99,35,101
0006_per55_1077936128.pgm,42,85,72,83,72,99,42,101
0006_per56_-595591168.pgm,36,86,66,84,72,99,42,101
0006_per57_1098907648.pgm,36,86,66,84,72,100,42,102
0006_per58_-637534208.pgm,31,84,61,82,67,98,37,100
0006_per59_-1082130432.pgm,32,84,62,82,68,98,38,100
0006_per60_-964689920.pgm,28,81,58,81,64,97,34,97
0006_per61_1971322880.pgm,28,85,60,83,63,99,31,101
0006_per62_2038431744.pgm,28,87,58,85,61,101,31,103
0006_per63_843055104.pgm,27,87,57,85,63,101,33,103
0006_per64_1702887424.pgm,27,88,57,86,60,102,30,104
0006_per65_-1220542464.pgm,27,89,57,87,60,103,30,105
0006_per66_-1581252608.pgm,34,87,64,85,70,100,40,102
0006_per68_-713031680.pgm,27,83,57,81,60,97,30,99
0006_per69_-33554432.pgm,31,85,61,83,66,99,36,101
0006_per70_-1333788672.pgm,33,85,65,83,68,99,36,101
0006_per71_-1346371584.pgm,33,75,63,73,69,88,39,90
0006_per72_985661440.pgm,33,82,63,80,69,96,39,98
0006_per73_-268435456.pgm,37,82,67,80,65,97,35,99
0006_per74_1929379840.pgm,43,84,73,82,74,99,44,101
0006_per75_-155189248.pgm,40,86,72,84,76,101,44,103
0006_per76_1774190592.pgm,47,85,79,83,80,100,48,102
0006_per77_-1455423488.pgm,42,85,74,83,78,100,46,102
0006_per79_130023424.pgm,37,75,67,73,71,89,41,91
0006_per80_-201326592.pgm,48,84,80,82,78,100,46,102
0006_per81_1455423488.pgm,47,87,79,85,78,103,46,105
0006_per83_2080374784.pgm,49,86,77,84,75,101,47,103
0006_per84_2067791872.pgm,45,85,77,83,81,100,49,102
0006_per85_2034237440.pgm,47,74,75,72,76,88,48,90
0006_per87_-759169024.pgm,40,75,70,73,74,89,44,91
0006_per88_-746586112.pgm,45,73,75,69,59,85,29,89
0006_per90_1920991232.pgm,43,74,73,70,75,87,45,91
0006_per91_130023424.pgm,44,73,74,69,73,87,43,91
0006_per92_2126512128.pgm,44,72,74,70,73,88,43,90
0007_per100_-486539264.pgm,37,69,65,67,63,84,35,86
0007_per101_-1749024768.pgm,40,68,68,64,67,83,39,87
0007_per102_1665138688.pgm,38,70,66,66,62,85,34,89
0007_per103_746586112.pgm,38,70,66,66,62,85,34,89
0007_per104_-218103808.pgm,38,70,66,66,64,84,36,88
0007_per105_2097152000.pgm,32,70,60,66,64,84,36,88
0007_per107_-1673527296.pgm,38,69,66,65,64,85,36,89
0007_per10_1103101952.pgm,43,66,67,62,65,81,41,85
0007_per116_-1698693120.pgm,32,70,60,66,64,85,36,89
0007_per117_1845493760.pgm,32,70,60,66,64,85,36,89
0007_per118_1824522240.pgm,39,68,65,64,61,84,35,88
0007_per118_2088763392.pgm,38,69,66,65,64,85,36,89
0007_per119_-1149239296.pgm,40,68,66,64,64,83,38,87
0007_per119_-71303168.pgm,38,69,66,65,64,85,36,89
0007_per11_977272832.pgm,40,67,64,63,61,81,37,85
0007_per120_-1518338048.pgm,41,69,67,65,66,84,40,88
0007_per120_918552576.pgm,38,69,66,65,64,85,36,89
0007_per121_1715470336.pgm,40,70,66,66,64,85,38,89
0007_per121_226492416.pgm,39,69,67,65,68,84,40,88
0007_per122_-1816133632.pgm,41,68,69,64,67,84,39,88
0007_per122_75497472.pgm,36,70,62,66,65,85,39,89
0007_per123_-1870659584.pgm,39,70,65,66,63,85,37,89
0007_per124_146800640.pgm,39,69,65,65,64,85,38,89
0007_per126_-1526726656.pgm,39,68,65,64,60,85,34,89
0007_per127_-33554432.pgm,37,68,65,66,66,85,38,87
0007_per129_-213909504.pgm,37,68,63,66,61,89,35,91
0007_per12_-360710144.pgm,32,70,58,66,61,83,35,87
0007_per12_-83886080.pgm,40,66,64,62,61,80,37,84
0007_per130_-1119879168.pgm,39,68,67,64,65,84,37,88
0007_per130_-1312817152.pgm,37,70,63,66,61,88,35,92
0007_per131_809500672.pgm,43,68,69,62,68,85,42,91
0007_per132_-1564475392.pgm,39,68,65,64,61,84,35,88
0007_per133_-1585446912.pgm,39,69,65,65,64,84,38,88
0007_per134_528482304.pgm,39,69,67,65,69,83,41,87
0007_per138_1862270976.pgm,41,68,67,64,65,83,39,87
0007_per139_1304428544.pgm,38,68,64,64,69,83,43,87
0007_per13_1174405120.pgm,41,66,65,62,62,80,38,84
0007_per13_381681664.pgm,34,67,60,65,58,84,32,86
0007_per140_-1656750080.pgm,41,69,67,65,65,85,39,89
0007_per141_-1115684864.pgm,38,68,64,66,69,85,43,87
0007_per142_209715200.pgm,39,69,65,65,70,84,44,88
0007_per143_-1912602624.pgm,42,68,68,64,65,84,39,88
0007_per144_1094713344.pgm,39,68,65,64,64,83,38,87
0007_per145_-645922816.pgm,37,69,65,67,64,86,36,88
0007_per145_-813694976.pgm,40,68,66,64,65,84,39,88
0007_per146_1690304512.pgm,44,68,70,64,67,84,41,88
0007_per147_2038431744.pgm,42,68,68,64,67,84,41,88
0007_per148_-1094713344.pgm,39,69,67,65,67,85,39,89
0007_per149_1811939328.pgm,37,69,63,65,62,85,36,89
0007_per14_1195376640.pgm,40,67,64,63,54,79,30,83
0007_per150_251658240.pgm,40,68,66,64,63,83,37,87
0007_per152_-968884224.pgm,37,69,63,65,64,84,38,88
0007_per153_-486539264.pgm,39,69,67,65,67,84,39,88
0007_per153_1157627904.pgm,39,67,65,65,64,84,38,86
0007_per154_-704643072.pgm,35,68,61,64,64,82,38,86
0007_per154_494927872.pgm,39,68,67,64,62,85,34,89
0007_per155_348127232.pgm,41,67,67,63,65,82,39,86
0007_per155_41943040.pgm,37,68,65,64,63,84,35,88
0007_per156_1312817152.pgm,40,68,66,64,65,84,39,88
0007_per156_478150656.pgm,40,67,66,63,64,81,38,85
0007_per157_520093696.pgm,35,69,61,65,61,84,35,88
0007_per157_931135488.pgm,38,67,64,65,62,85,36,87
0007_per158_-1430257664.pgm,32,69,60,65,63,84,35,88
0007_per158_-1472200704.pgm,43,68,69,64,68,83,42,87
0007_per159_1157627904.pgm,33,69,59,65,62,84,36,88
0007_per15_1799356416.pgm,33,65,59,63,56,82,30,84
0007_per15_2080374784.pgm,36,68,60,64,60,81,36,85
0007_per160_-696254464.pgm,36,68,62,66,65,85,39,87
0007_per161_-1224736768.pgm,33,69,59,65,60,84,34,88
0007_per162_813694976.pgm,33,69,59,67,62,86,36,88
0007_per163_-1396703232.pgm,31,70,57,68,63,86,37,88
0007_per164_1577058304.pgm,38,67,64,65,62,84,36,86
0007_per167_-541065216.pgm,33,69,61,67,62,85,34,87
0007_per168_-603979776.pgm,30,70,58,68,57,87,29,89
0007_per169_1199570944.pgm,31,71,59,67,58,86,30,90
0007_per16_-251658240.pgm,38,67,64,63,60,81,34,85
0007_per16_-486539264.pgm,29,68,55,66,58,85,32,87
0007_per170_-1426063360.pgm,28,72,56,68,60,86,32,90
0007_per171_603979776.pgm,36,70,64,66,62,85,34,89
0007_per172_1124073472.pgm,37,69,65,67,62,87,34,89
0007_per175_88080384.pgm,33,66,61,64,64,86,36,88
0007_per177_1539309568.pgm,38,68,66,64,65,83,37,87
0007_per178_872415232.pgm,37,70,65,64,65,83,37,89
0007_per17_528482304.pgm,30,66,56,64,61,82,35,84
0007_per180_-1388314624.pgm,39,69,67,65,64,85,36,89
0007_per181_-180355072.pgm,39,69,67,65,66,84,38,88
0007_per182_-1623195648.pgm,36,69,64,65,63,85,35,89
0007_per188_1849688064.pgm,40,67,68,65,66,84,38,86
0007_per189_503316480.pgm,33,69,61,65,65,83,37,87
0007_per18_12582912.pgm,29,67,55,65,61,83,35,85
0007_per190_-931135488.pgm,31,69,59,65,63,84,35,88
0007_per191_-1044381696.pgm,37,68,65,64,63,84,35,88
0007_per192_-687865856.pgm,35,71,63,67,61,87,33,91
0007_per193_671088640.pgm,36,69,62,67,61,87,35,89
0007_per194_-1216348160.pgm,33,71,61,67,60,86,32,90
0007_per195_952107008.pgm,31,70,57,68,61,87,35,89
0007_per196_398458880.pgm,29,71,55,67,59,86,33,90
0007_per197_-1103101952.pgm,36,69,62,67,58,87,32,89
0007_per198_1740636160.pgm,30,71,56,67,55,87,29,91
0007_per199_-1916796928.pgm,28,69,56,67,62,85,34,87
0007_per19_1086324736.pgm,32,67,58,65,55,84,29,86
0007_per1_687865856.pgm,36,69,60,65,57,83,33,87
0007_per200_545259520.pgm,34,71,62,67,61,85,33,89
0007_per20_12582912.pgm,28,68,54,66,57,84,31,86
0007_per20_1925185536.pgm,35,69,59,65,56,84,32,88
0007_per21_-1337982976.pgm,38,68,64,64,63,83,37,87
0007_per21_125829120.pgm,27,68,53,66,56,85,30,87
0007_per22_83886080.pgm,34,68,60,66,59,85,33,87
0007_per22_897581056.pgm,40,68,64,64,63,84,39,88
0007_per23_113246208.pgm,41,67,65,63,64,83,40,87
0007_per23_780140544.pgm,38,66,64,64,61,84,35,86
0007_per24_-100663296.pgm,35,69,59,67,59,86,35,88
0007_per24_-532676608.pgm,41,68,67,64,62,85,36,89
0007_per25_423624704.pgm,38,69,62,65,61,83,37,87
0007_per26_-1740636160.pgm,31,69,57,67,57,86,31,88
0007_per26_1199570944.pgm,41,81,69,77,67,97,39,101
0007_per28_-2109734912.pgm,44,79,70,73,66,91,40,97
0007_per29_-2021654528.pgm,40,69,68,65,64,83,36,87
0007_per30_-1769996288.pgm,38,70,66,66,61,87,33,91
0007_per30_-633339904.pgm,38,70,66,66,65,83,37,87
0007_per31_-507510784.pgm,40,69,66,65,66,83,40,87
0007_per31_1799356416.pgm,35,70,61,68,60,87,34,89
0007_per32_1069547520.pgm,35,69,63,67,65,86,37,88
0007_per32_1153433600.pgm,38,69,64,65,63,83,37,87
0007_per33_-1879048192.pgm,36,68,64,66,62,86,34,88
0007_per34_939524096.pgm,38,69,64,67,65,86,39,88
0007_per35_1048576000.pgm,42,68,68,66,68,86,42,88
0007_per36_1426063360.pgm,42,69,66,67,65,87,41,89
0007_per38_-2013265920.pgm,37,67,63,65,65,85,39,87
0007_per40_-2009071616.pgm,39,68,65,66,63,86,37,88
0007_per41_1879048192.pgm,32,69,60,67,64,86,36,88
0007_per42_-587202560.pgm,36,71,62,67,60,86,34,90
0007_per42_700448768.pgm,29,69,57,67,60,87,32,89
0007_per43_754974720.pgm,36,69,62,67,63,86,37,88
0007_per44_-868220928.pgm,35,69,63,67,61,86,33,88
0007_per45_-142606336.pgm,35,68,63,66,61,86,33,88
0007_per46_12582912.pgm,37,72,63,68,62,87,36,91
0007_per46_281018368.pgm,31,69,59,67,65,85,37,87
0007_per47_-134217728.pgm,39,80,67,76,66,96,38,100
0007_per47_-1405091840.pgm,32,69,60,67,63,85,35,87
0007_per48_-1669332992.pgm,35,68,61,66,62,85,36,87
0007_per49_205520896.pgm,36,69,62,67,60,86,34,88
0007_per50_-1426063360.pgm,34,69,60,67,61,86,35,88
0007_per51_-138412032.pgm,31,70,57,68,60,87,34,89
0007_per52_-717225984.pgm,27,70,53,68,59,87,33,89
0007_per53_-218103808.pgm,28,70,54,68,60,87,34,89
0007_per54_-767557632.pgm,31,69,57,67,56,87,30,89
0007_per55_-583008256.pgm,31,69,57,67,59,87,33,89
0007_per56_-1413480448.pgm,26,70,52,68,56,87,30,89
0007_per57_1560281088.pgm,27,70,53,68,60,87,34,89
0007_per58_2139095040.pgm,27,70,53,68,59,87,33,89
0007_per59_-1723858944.pgm,42,68,70,64,69,84,41,88
0007_per59_1375731712.pgm,27,70,53,68,59,87,33,89
0007_per60_-1342177280.pgm,31,70,57,68,56,88,30,90
0007_per60_-889192448.pgm,42,69,68,63,65,83,39,89
0007_per61_-444596224.pgm,30,70,56,68,56,88,30,90
0007_per62_-1614807040.pgm,31,70,57,68,56,88,30,90
0007_per62_2139095040.pgm,34,68,60,64,64,82,38,86
0007_per63_-201326592.pgm,33,70,59,68,58,88,32,90
0007_per63_1426063360.pgm,32,66,58,66,63,84,37,84
0007_per64_1992294400.pgm,34,70,60,68,58,88,32,90
0007_per65_-1237319680.pgm,30,70,56,68,60,87,34,89
0007_per65_633339904.pgm,31,68,57,66,63,84,37,86
0007_per66_-1417674752.pgm,30,70,58,68,61,87,33,89
0007_per67_-1132462080.pgm,31,70,57,68,60,87,34,89
0007_per68_-553648128.pgm,31,72,57,68,60,87,34,91
0007_per69_-1342177280.pgm,37,68,63,66,61,86,35,88
0007_per69_448790528.pgm,36,68,64,66,62,87,34,89
0007_per70_1354760192.pgm,32,67,60,65,66,85,38,87
0007_per70_16777216.pgm,36,69,64,67,62,86,34,88
0007_per71_-1270874112.pgm,38,68,64,66,66,87,40,89
0007_per71_411041792.pgm,30,70,58,68,61,87,33,89
0007_per72_-926941184.pgm,39,70,65,66,66,85,40,89
0007_per72_717225984.pgm,36,70,60,66,63,86,39,90
0007_per73_-1023410176.pgm,43,71,67,65,66,85,42,91
0007_per74_620756992.pgm,37,68,63,66,60,87,34,89
0007_per75_574619648.pgm,36,69,62,67,62,87,36,89
0007_per79_-683671552.pgm,29,69,55,67,61,85,35,87
0007_per7_507510784.pgm,30,67,54,65,60,82,36,84
0007_per80_1841299456.pgm,32,69,58,67,64,85,38,87
0007_per81_897581056.pgm,31,67,59,65,65,84,37,86
0007_per82_-1749024768.pgm,32,69,60,67,58,88,30,90
0007_per82_-880803840.pgm,33,70,59,68,62,86,36,88
0007_per83_1841299456.pgm,29,68,59,68,64,85,34,85
0007_per83_348127232.pgm,30,69,56,67,54,88,28,90
0007_per84_-1426063360.pgm,34,68,62,66,60,86,32,88
0007_per85_1790967808.pgm,36,68,62,66,61,85,35,87
0007_per85_230686720.pgm,26,65,56,67,57,90,27,88
0007_per86_-1312817152.pgm,29,66,59,66,65,88,35,88
0007_per86_260046848.pgm,30,69,58,67,62,84,34,86
0007_per87_1195376640.pgm,38,68,66,66,64,84,36,86
0007_per87_1744830464.pgm,32,68,60,66,64,83,36,85
0007_per88_-1958739968.pgm,34,68,62,66,66,83,38,85
0007_per89_-1400897536.pgm,42,66,70,64,68,82,40,84
0007_per8_-1333788672.pgm,33,68,57,66,56,84,32,86
0007_per91_-1337982976.pgm,36,68,62,66,66,83,40,85
0007_per96_1191182336.pgm,36,69,66,67,63,88,33,90
0007_per98_-641728512.pgm,37,69,65,65,63,84,35,88
0007_per99_1241513984.pgm,37,69,65,65,63,84,35,88
0007_per9_-1686110208.pgm,32,68,56,66,58,83,34,85
0008_100_322961408.pgm,31,88,63,88,66,113,34,113
0008_105.pgm,14,96,48,94,52,115,18,117
0008_106_1967128576.pgm,35,90,69,90,76,111,42,111
0008_107.pgm,24,96,56,92,58,112,26,116
0008_108.pgm,16,89,48,89,50,112,18,112
0008_109.pgm,15,95,47,93,49,114,17,116
0008_112.pgm,19,95,55,97,61,119,25,117
0008_116.pgm,15,94,49,94,56,115,22,115
0008_117.pgm,14,92,50,92,57,114,21,114
0008_118.pgm,11,94,47,94,55,116,19,116
0008_119.pgm,25,95,61,95,70,116,34,116
0008_123.pgm,14,93,46,93,53,113,21,113
0008_124.pgm,21,96,53,94,55,115,23,117
0008_124_-1266679808.pgm,37,88,71,88,78,110,44,110
0008_125.pgm,22,94,50,94,48,114,20,114
0008_126.pgm,11,93,49,93,56,113,18,113
0008_126_587202560.pgm,34,90,68,90,71,111,37,111
0008_127.pgm,16,93,50,95,56,117,22,115
0008_128.pgm,23,94,61,94,68,114,30,114
0008_130.pgm,15,93,51,93,58,114,22,114
0008_130_-612368384.pgm,29,89,61,89,67,109,35,109
0008_131.pgm,22,96,58,96,65,117,29,117
0008_132.pgm,17,93,51,93,58,113,24,113
0008_132_1560281088.pgm,30,91,62,89,66,109,34,111
0008_133.pgm,21,96,55,94,52,115,18,117
0008_135.pgm,17,94,49,92,53,112,21,114
0008_136.pgm,17,93,49,91,57,111,25,113
0008_137.pgm,25,94,59,92,62,113,28,115
0008_139.pgm,18,93,52,93,55,114,21,114
0008_142.pgm,17,97,49,95,53,115,21,117
0008_143.pgm,25,95,61,93,57,112,21,114
0008_145.pgm,20,95,54,93,62,113,28,115
0008_146.pgm,18,95,52,93,61,113,27,115
0008_147.pgm,17,96,49,94,50,115,18,117
0008_148.pgm,16,95,50,93,54,113,20,115
0008_149.pgm,28,94,62,92,62,113,28,115
0008_150.pgm,19,95,53,93,61,113,27,115
0008_151.pgm,17,95,53,93,57,114,21,116
0008_155.pgm,15,94,49,94,56,114,22,114
0008_157.pgm,15,96,47,96,54,115,22,115
0008_158.pgm,16,96,46,94,51,114,21,116
0008_158_-25165824.pgm,35,91,69,89,76,111,42,113
0008_159.pgm,26,94,56,96,54,117,24,115
0008_160_146800640.pgm,43,92,77,90,80,111,46,113
0008_161.pgm,23,93,57,95,63,116,29,114
0008_167.pgm,11,94,47,96,58,117,22,115
0008_168.pgm,12,94,42,96,48,117,18,115
0008_168_-1845493760.pgm,40,92,74,90,78,110,44,112
0008_172_373293056.pgm,36,89,70,87,73,109,39,111
0008_174.pgm,14,95,46,95,50,116,18,116
0008_174_-2004877312.pgm,31,89,67,89,70,109,34,109
0008_175.pgm,14,97,46,95,54,115,22,117
0008_176.pgm,22,98,54,94,63,114,31,118
0008_178.pgm,19,95,55,93,62,111,26,113
0008_178_1698693120.pgm,25,79,59,79,65,99,31,99
0008_179.pgm,15,93,51,93,59,113,23,113
0008_180.pgm,11,95,49,93,53,114,15,116
0008_181.pgm,14,94,50,94,57,115,21,115
0008_182.pgm,15,93,49,93,52,114,18,114
0008_182_-1367343104.pgm,32,90,66,90,69,110,35,110
0008_184.pgm,23,94,59,94,61,112,25,112
0008_185.pgm,20,92,54,94,59,113,25,111
0008_218_1929379840.pgm,27,88,61,90,67,110,33,108
0008_220_1635778560.pgm,31,90,63,90,69,110,37,110
0008_224_989855744.pgm,30,88,62,88,69,108,37,108
0008_226_-566231040.pgm,28,91,60,89,64,109,32,111
0008_22_1468006400.pgm,31,92,69,92,73,112,35,112
0008_230_750780416.pgm,31,91,63,89,66,109,34,111
0008_232_473956352.pgm,32,90,66,88,69,108,35,110
0008_234_2097152000.pgm,42,92,76,90,73,111,39,113
0008_236_-2059403264.pgm,32,90,66,88,73,107,39,109
0008_240_1103101952.pgm,38,92,72,90,76,110,42,112
0008_244_-2084569088.pgm,41,92,73,90,76,110,44,112
0008_246_-2139095040.pgm,31,91,65,91,72,110,38,110
0008_24_142606336.pgm,34,91,70,91,78,111,42,111
0008_250_1925185536.pgm,31,93,67,91,71,110,35,112
0008_252_419430400.pgm,45,102,83,98,76,121,38,125
0008_254_1212153856.pgm,39,91,75,89,71,110,35,112
0008_258_-377487360.pgm,40,88,74,88,70,110,36,110
0008_262_1711276032.pgm,32,89,66,89,69,110,35,110
0008_266_-184549376.pgm,29,91,61,89,66,109,34,111
0008_268_-130023424.pgm,29,91,61,89,65,109,33,111
0008_26_1828716544.pgm,35,90,71,90,78,109,42,109
0008_270_-1522532352.pgm,30,90,64,88,67,109,33,111
0008_274_-343932928.pgm,37,90,71,88,74,108,40,110
0008_276_822083584.pgm,41,90,75,88,79,108,45,110
0008_278_-1774190592.pgm,49,92,83,90,83,110,49,112
0008_28_155189248.pgm,34,90,68,90,75,109,41,109
0008_296_-297795584.pgm,30,90,64,90,71,110,37,110
0008_298_-1291845632.pgm,32,89,68,89,75,109,39,109
0008_302_-855638016.pgm,29,89,65,89,67,110,31,110
0008_304_-419430400.pgm,29,89,63,89,70,109,36,109
0008_306_1287651328.pgm,30,89,66,89,73,109,37,109
0008_310_-1619001344.pgm,35,94,71,92,78,112,42,114
0008_312_1753219072.pgm,36,90,70,88,74,108,40,110
0008_316_1094713344.pgm,35,90,69,88,76,108,42,110
0008_318_1212153856.pgm,34,90,68,88,72,110,38,112
0008_320_1484783616.pgm,36,91,70,91,73,114,39,114
0008_322_-1803550720.pgm,31,90,65,90,71,110,37,110
0008_324_595591168.pgm,29,91,63,91,70,111,36,111
0008_328_-482344960.pgm,29,89,63,89,67,111,33,111
0008_32_-1220542464.pgm,28,88,62,90,69,110,35,108
0008_330_624951296.pgm,37,90,73,90,73,113,37,113
0008_332_897581056.pgm,30,90,64,90,71,113,37,113
0008_34_-1023410176.pgm,28,87,62,87,68,106,34,106
0008_354_796917760.pgm,28,89,62,91,69,113,35,111
0008_356_-1593835520.pgm,30,88,64,90,71,113,37,111
0008_358_8388608.pgm,30,91,64,91,68,113,34,113
0008_360_1707081728.pgm,30,88,64,88,67,110,33,110
0008_364_922746880.pgm,39,90,75,90,76,108,40,108
0008_368_-805306368.pgm,29,89,65,89,72,108,36,108
0008_370_406847488.pgm,30,90,66,90,73,110,37,110
0008_372_-331350016.pgm,29,91,63,91,70,111,36,111
0008_38_1728053248.pgm,25,79,57,79,63,98,31,98
0008_40_-83886080.pgm,27,88,59,88,66,107,34,107
0008_48_1841299456.pgm,29,90,63,90,66,109,32,109
0008_52_-1342177280.pgm,31,91,65,89,69,109,35,111
0008_54_-834666496.pgm,38,91,74,89,78,108,42,110
0008_56_-100663296.pgm,43,80,79,78,76,98,40,100
0008_60_1988100096.pgm,53,90,85,86,88,105,56,109
0008_64_-1828716544.pgm,53,91,83,85,86,104,56,110
0008_68_-1283457024.pgm,62,90,92,86,88,105,58,109
0008_70_-713031680.pgm,63,92,93,86,89,105,59,111
0008_72_-1283457024.pgm,62,91,92,87,89,106,59,110
0008_76_641728512.pgm,52,92,84,90,89,110,57,112
0008_78_-654311424.pgm,40,88,74,90,80,111,46,109
0008_80_1904214016.pgm,34,89,68,89,74,109,40,109
0008_82_-1568669696.pgm,30,88,64,88,67,108,33,108
0008_86_1094713344.pgm,30,89,64,89,71,109,37,109
0008_88_834666496.pgm,33,89,67,89,70,108,36,108
0008_92_868220928.pgm,34,91,68,91,71,110,37,110
0008_94_-1438646272.pgm,32,90,66,90,69,110,35,110
0008_98_-104857600.pgm,24,78,58,78,64,98,30,98
0008_per112_-1535115264.pgm,43,86,73,86,78,103,48,103
0008_per114_-830472192.pgm,40,86,72,86,77,104,45,104
0008_per116_-1405091840.pgm,38,86,68,86,73,104,43,104
0008_per126_-318767104.pgm,31,83,61,83,71,100,41,100
0008_per128_1426063360.pgm,31,84,61,84,66,101,36,101
0008_per132_-1145044992.pgm,31,84,61,84,66,101,36,101
0008_per152_-880803840.pgm,37,86,67,84,70,102,40,104
0008_per168_-666894336.pgm,37,87,67,87,75,104,45,104
0008_per216_-306184192.pgm,30,82,60,84,65,102,35,100
0008_per220_-41943040.pgm,31,84,59,84,62,102,34,102
0008_per226_1753219072.pgm,33,85,59,85,64,102,38,102
0008_per22_-1249902592.pgm,36,86,66,86,72,104,42,104
0008_per230_1367343104.pgm,27,84,55,84,61,101,33,101
0008_per28_-1757413376.pgm,40,86,72,86,78,103,46,103
0008_per302_1983905792.pgm,35,85,65,83,70,100,40,102
0008_per306_222298112.pgm,34,84,64,84,67,102,37,102
0008_per322_-1237319680.pgm,36,83,66,83,72,101,42,101
0008_per344_54525952.pgm,34,87,64,85,69,101,39,103
0008_per356_-1463812096.pgm,34,85,60,85,64,101,38,101
0008_per358_666894336.pgm,34,85,60,85,62,102,36,102
0008_per362_1648361472.pgm,33,83,59,83,64,100,38,100
0008_per366_1740636160.pgm,4,88,30,88,35,104,9,104
0008_per380_-1103101952.pgm,45,81,71,77,75,94,49,98
0008_per384_-658505728.pgm,34,85,60,85,65,101,39,101
0008_per388_859832320.pgm,30,86,54,86,60,102,36,102
0008_per392_1862270976.pgm,34,82,62,82,68,98,40,98
0008_per398_-1153433600.pgm,31,84,61,84,67,100,37,100
0008_per402_-805306368.pgm,44,81,72,79,76,97,48,99
0008_per410_1077936128.pgm,32,83,58,85,63,103,37,101
0008_per414_1681915904.pgm,32,83,60,83,66,100,38,100
0008_per432_1304428544.pgm,30,85,62,87,71,104,39,102
0008_per436_754974720.pgm,27,83,57,83,62,100,32,100
0008_per444_-1346371584.pgm,25,84,51,84,53,101,27,101
0008_per446_-2088763392.pgm,33,85,61,83,66,100,38,102
0008_per448_-230686720.pgm,23,85,53,85,58,102,28,102
0008_per450_-322961408.pgm,32,85,62,85,68,101,38,101
0008_per458_-1048576000.pgm,45,85,75,83,77,101,47,103
0008_per460_-16777216.pgm,48,84,76,82,81,100,53,102
0008_per466_-75497472.pgm,43,85,73,85,78,103,48,103
0008_per468_520093696.pgm,38,85,68,85,71,103,41,103
0008_per46_729808896.pgm,47,85,77,85,81,102,51,102
0008_per472_-331350016.pgm,38,87,66,87,69,104,41,104
0008_per478_-939524096.pgm,36,85,66,85,68,103,38,103
0008_per482_-1795162112.pgm,35,86,65,84,68,101,38,103
0008_per484_-620756992.pgm,34,84,64,82,70,99,40,101
0008_per486_1367343104.pgm,35,86,63,84,69,100,41,102
0008_per48_-566231040.pgm,45,84,75,84,80,102,50,102
0008_per494_1560281088.pgm,48,86,76,84,76,102,48,104
0008_per498_1325400064.pgm,39,83,69,83,74,100,44,100
0008_per500_864026624.pgm,38,88,68,86,70,103,40,105
0008_per502_-1635778560.pgm,42,86,72,86,72,103,42,103
0008_per506_-1619001344.pgm,47,88,77,84,75,102,45,106
0008_per508_-1367343104.pgm,47,88,75,84,73,102,45,106
0008_per50_-1023410176.pgm,38,87,70,87,75,104,43,104
0008_per510_1430257664.pgm,42,88,72,86,78,103,48,105
0008_per512_-868220928.pgm,35,84,65,84,70,101,40,101
0008_per514_-775946240.pgm,35,82,65,84,69,102,39,100
0008_per518_-62914560.pgm,30,81,60,83,71,100,41,98
0008_per522_-1799356416.pgm,35,84,65,86,69,104,39,102
0008_per52_-1308622848.pgm,32,85,64,85,67,102,35,102
0008_per58_876609536.pgm,29,83,59,83,65,100,35,100
0008_per60_-1509949440.pgm,29,84,57,84,62,101,34,101
0008_per88_-1035993088.pgm,42,85,74,83,74,101,42,103
0008_per90_-369098752.pgm,37,85,67,85,72,103,42,103
0008_per92_-587202560.pgm,36,87,66,87,71,104,41,104
0008_per96_1002438656.pgm,39,84,71,84,77,101,45,101
0008_per98_-327155712.pgm,50,84,80,82,80,100,50,102
0009_04172.pgm,47,61,79,59,82,75,50,77
0009_04175.pgm,50,61,82,59,83,75,51,77
0009_04186.pgm,50,61,80,59,81,75,51,77
0009_04187.pgm,51,61,83,59,81,75,49,77
0009_04195.pgm,48,62,78,60,81,76,51,78
0009_04197.pgm,47,62,79,60,85,76,53,78
0009_04220.pgm,46,62,76,60,83,75,53,77
0009_04223.pgm,52,61,82,59,80,75,50,77
0009_04229.pgm,49,62,79,60,84,75,54,77
0009_04235.pgm,46,61,78,59,81,75,49,77
0009_04238.pgm,52,61,82,59,83,75,53,77
0009_04245.pgm,46,61,76,59,82,75,52,77
0009_04255.pgm,47,60,77,58,83,78,53,80
0009_04257.pgm,45,61,75,59,79,79,49,81
0009_04259.pgm,46,60,76,58,80,79,50,81
0009_04262.pgm,52,62,82,60,84,79,54,81
0009_04275.pgm,51,60,81,58,82,76,52,78
0009_04277.pgm,45,61,75,59,81,76,51,78
0009_04281.pgm,50,60,82,58,80,78,48,80
0009_04286.pgm,46,61,76,59,79,78,49,80
0009_04290.pgm,43,61,75,59,79,77,47,79
0009_04292.pgm,52,61,84,59,85,76,53,78
0009_04298.pgm,55,60,85,58,83,76,53,78
0009_04301.pgm,52,60,84,58,90,75,58,77
0009_04304.pgm,54,61,84,59,87,76,57,78
0009_04310.pgm,59,60,89,58,95,76,65,78
0009_04318.pgm,65,58,95,58,92,77,62,77
0009_04319.pgm,71,58,101,58,101,76,71,76
0009_04326.pgm,69,61,99,59,104,77,74,79
0009_04329.pgm,65,60,95,58,100,76,70,78
0009_04331.pgm,68,68,96,68,93,87,65,87
0009_04334.pgm,65,69,93,69,97,87,69,87
0009_04451.pgm,60,59,90,57,93,75,63,77
0009_04453.pgm,58,59,88,57,92,75,62,77
0009_04454.pgm,58,59,88,57,91,75,61,77
0009_04456.pgm,55,60,85,58,91,75,61,77
0009_04459.pgm,54,60,84,58,85,75,55,77
0009_04462.pgm,49,60,81,58,87,74,55,76
0009_04464.pgm,47,60,77,58,84,75,54,77
0009_04469.pgm,44,60,74,58,80,74,50,76
0009_04471.pgm,45,59,75,57,75,74,45,76
0009_04472.pgm,43,60,73,58,71,76,41,78
0009_04474.pgm,42,58,72,56,70,74,40,76
0009_04477.pgm,35,59,65,57,71,74,41,76
0009_04481.pgm,31,59,61,57,62,75,32,77
0009_04483.pgm,29,59,59,57,60,75,30,77
0009_04484.pgm,29,59,59,57,65,74,35,76
0009_04489.pgm,31,59,59,55,58,73,30,77
0009_04660.pgm,50,57,82,55,85,74,53,76
0009_04661.pgm,55,56,87,54,84,74,52,76
0009_04663.pgm,56,56,88,54,89,73,57,75
0009_04781.pgm,47,59,77,55,83,72,53,76
0009_04784.pgm,51,59,83,57,81,75,49,77
0009_04786.pgm,52,59,82,57,78,75,48,77
0009_04787.pgm,52,60,82,58,80,76,50,78
0009_04789.pgm,52,61,84,59,85,77,53,79
0009_04796.pgm,46,66,78,64,82,81,50,83
0009_04800.pgm,46,67,78,65,85,81,53,83
0009_04803.pgm,48,68,80,66,84,83,52,85
0009_04873.pgm,41,57,71,55,77,71,47,73
0009_04875.pgm,41,53,71,51,77,67,47,69
0009_04877.pgm,47,54,77,52,77,69,47,71
0009_04880.pgm,42,54,70,52,75,69,47,71
0009_04884.pgm,40,57,68,55,72,75,44,77
0009_04888.pgm,45,52,75,50,73,71,43,73
0009_04890.pgm,46,52,76,50,74,70,44,72
0009_04895.pgm,39,57,69,55,75,73,45,75
0009_04897.pgm,41,57,69,55,75,72,47,74
0009_04904.pgm,42,56,70,54,76,71,48,73
0009_04915.pgm,39,57,69,55,75,72,45,74
0009_04916.pgm,47,54,75,52,73,70,45,72
0009_04920.pgm,48,54,78,52,76,70,46,72
0009_04921.pgm,48,54,76,52,74,70,46,72
0009_04927.pgm,43,54,71,52,76,69,48,71
0009_04935.pgm,42,54,72,52,77,69,47,71
0009_04937.pgm,42,55,72,53,78,70,48,72
0009_04942.pgm,39,55,69,53,76,71,46,73
0009_04945.pgm,40,55,70,53,73,72,43,74
0009_04947.pgm,46,53,74,51,74,69,46,71
0009_04949.pgm,40,55,70,53,71,70,41,72
0009_04952.pgm,46,54,76,52,77,69,47,71
0009_04958.pgm,43,55,75,53,76,70,44,72
0009_04970.pgm,39,57,71,55,74,72,42,74
0009_04971.pgm,45,58,77,56,78,73,46,75
0009_04973.pgm,47,57,77,55,77,72,47,74
0009_04979.pgm,40,57,70,55,75,71,45,73
0009_04984.pgm,40,56,70,54,76,71,46,73
0009_04986.pgm,41,54,71,52,77,69,47,71
0009_04989.pgm,39,57,71,55,77,72,45,74
0009_04992.pgm,44,55,74,53,72,71,42,73
0009_04996.pgm,41,57,71,55,77,72,47,74
0009_04998.pgm,42,58,72,56,77,73,47,75
0009_04999.pgm,45,56,77,54,78,71,46,73
0009_05005.pgm,40,56,70,54,73,71,43,73
0009_05011.pgm,39,56,69,54,72,71,42,73
0009_05016.pgm,40,54,70,52,76,68,46,70
0009_05017.pgm,44,55,74,53,75,70,45,72
0009_05019.pgm,41,56,71,54,76,71,46,73
0009_05023.pgm,40,53,68,53,73,72,45,72
0009_05025.pgm,39,54,69,52,72,71,42,73
0009_05028.pgm,46,55,76,53,75,75,45,77
0009_05030.pgm,46,55,76,53,77,72,47,74
0009_05033.pgm,44,56,74,54,80,72,50,74
0009_05035.pgm,44,56,74,54,80,73,50,75
0009_05039.pgm,47,53,79,53,85,72,53,72
0009_05043.pgm,54,53,84,53,90,72,60,72
0009_05047.pgm,58,53,88,51,91,70,61,72
0009_05053.pgm,65,51,95,51,100,69,70,69
0009_05054.pgm,67,51,97,51,100,69,70,69
0009_05058.pgm,66,50,96,50,99,68,69,68
0009_05143.pgm,67,50,97,48,100,67,70,69
0009_05145.pgm,72,49,102,49,100,68,70,68
0009_05147.pgm,65,49,95,49,98,68,68,68
0009_05154.pgm,69,50,99,48,97,67,67,69
0009_05156.pgm,66,51,98,49,99,67,67,69
0009_05160.pgm,63,51,93,49,91,68,61,70
0009_05168.pgm,57,52,87,50,87,68,57,70
0009_05171.pgm,48,52,80,52,87,70,55,70
0009_05172.pgm,49,52,81,50,85,68,53,70
0009_05174.pgm,56,53,88,51,88,69,56,71
0009_05176.pgm,46,53,78,51,81,69,49,71
0009_05178.pgm,43,52,75,50,80,68,48,70
0009_05182.pgm,39,53,71,51,74,69,42,71
0009_05184.pgm,38,52,70,50,75,68,43,70
0009_05187.pgm,39,53,69,51,75,69,45,71
0009_05189.pgm,37,53,67,51,72,69,42,71
0009_05194.pgm,35,50,65,48,68,67,38,69
0009_05200.pgm,32,51,60,49,56,68,28,70
0009_05202.pgm,30,50,56,48,62,66,36,68
0009_05206.pgm,22,50,50,48,54,66,26,68
0009_05289.pgm,31,50,57,48,58,66,32,68
0009_05292.pgm,27,50,55,48,58,66,30,68
0009_05295.pgm,35,52,65,50,64,68,34,70
0009_05297.pgm,40,51,70,49,68,68,38,70
0009_05298.pgm,33,53,63,51,69,68,39,70
0009_05304.pgm,38,51,68,49,74,66,44,68
0009_05306.pgm,40,50,70,48,76,65,46,67
0009_05311.pgm,41,51,71,49,74,66,44,68
0009_05313.pgm,48,51,78,49,79,66,49,68
0009_05316.pgm,47,49,77,47,78,65,48,67
0009_05319.pgm,46,48,76,46,74,64,44,66
0009_05387.pgm,46,43,78,41,69,59,37,61
0009_05389.pgm,46,44,78,42,73,60,41,62
0009_05390.pgm,44,45,74,43,65,61,35,63
0009_05393.pgm,42,47,72,45,75,62,45,64
0009_05395.pgm,48,47,78,43,66,60,36,64
0009_05398.pgm,48,50,80,48,80,65,48,67
0009_05399.pgm,43,51,73,49,76,66,46,68
0009_05400.pgm,43,50,73,46,76,63,46,67
0009_05406.pgm,48,52,78,50,78,67,48,69
0009_05407.pgm,50,53,80,51,78,68,48,70
0009_05410.pgm,50,54,82,52,80,69,48,71
0009_05411.pgm,44,55,76,53,83,69,51,71
0009_05413.pgm,43,56,75,54,82,70,50,72
0009_05415.pgm,49,56,81,54,79,71,47,73
0009_05462.pgm,32,68,64,68,79,84,47,84
0009_05465.pgm,47,66,79,66,80,82,48,82
0009_05467.pgm,48,65,80,65,81,81,49,81
0009_05470.pgm,42,63,74,61,80,77,48,79
0009_05471.pgm,42,57,74,57,80,73,48,73
0009_05477.pgm,48,57,80,55,80,72,48,74
0009_05483.pgm,46,53,78,51,81,68,49,70
0009_05548.pgm,39,53,71,51,76,67,44,69
0009_05553.pgm,32,56,62,54,68,70,38,72
0009_05554.pgm,27,52,59,52,64,68,32,68
0009_05557.pgm,28,55,60,55,66,71,34,71
0009_05561.pgm,33,55,65,53,66,70,34,72
0009_05568.pgm,31,54,63,52,69,67,37,69
0009_05569.pgm,29,54,61,52,67,67,35,69
0009_05571.pgm,28,56,60,54,65,70,33,72
0009_05574.pgm,29,55,61,53,64,70,32,72
0009_05576.pgm,33,54,65,54,71,70,39,70
0009_05582.pgm,30,55,60,53,66,69,36,71
0009_05587.pgm,35,52,67,50,67,67,35,69
0009_05588.pgm,30,53,62,53,65,69,33,69
0009_05589.pgm,31,52,61,52,64,69,34,69
0009_05591.pgm,31,56,61,54,64,71,34,73
0009_05635.pgm,35,52,65,50,71,67,41,69
0009_05637.pgm,34,52,64,50,70,67,40,69
0009_05650.pgm,43,53,73,51,78,68,48,70
0009_05656.pgm,46,51,76,51,81,69,51,69
0009_05659.pgm,52,50,82,50,87,68,57,68
0009_05662.pgm,52,50,82,50,86,68,56,68
0009_05762.pgm,52,49,82,49,86,67,56,67
0009_05783.pgm,36,49,68,49,74,66,42,66
0009_05785.pgm,35,49,67,49,72,66,40,66
0009_05790.pgm,34,50,64,50,69,67,39,67
0009_05812.pgm,20,50,50,48,51,66,21,68
0009_05815.pgm,10,50,40,50,46,67,16,67
0009_05911.pgm,20,51,50,49,56,66,26,68
0009_05914.pgm,23,51,53,49,58,66,28,68
0009_05917.pgm,28,52,58,50,59,67,29,69
0009_05918.pgm,24,53,54,51,59,68,29,70
0009_05919.pgm,23,51,55,49,60,66,28,68
0009_05925.pgm,26,54,58,52,63,69,31,71
0009_05932.pgm,25,48,55,46,58,63,28,65
0009_05934.pgm,30,47,62,45,63,62,31,64
0009_05936.pgm,26,45,58,43,51,59,19,61
0009_06028.pgm,29,57,61,55,67,71,35,73
0009_06042.pgm,37,62,69,62,70,78,38,78
