image_0001.jpg,526,390,668,392,685,464,543,462,526,390
image_0002.jpg,254,394,394,398,424,473,284,469,254,394
image_0003.jpg,440,365,590,365,607,436,457,436,440,365
image_0004.jpg,252,412,388,416,415,482,279,478,252,412
image_0005.jpg,500,395,640,395,656,461,516,461,500,395
image_0006.jpg,529,394,669,396,683,464,543,462,529,394
image_0007.jpg,350,373,494,375,510,450,366,448,350,373
image_0008.jpg,444,387,586,387,601,468,459,468,444,387
image_0009.jpg,276,394,416,394,447,460,307,460,276,394
image_0010.jpg,285,385,423,385,438,449,300,449,285,385
image_0011.jpg,227,389,371,391,404,460,260,458,227,389
image_0012.jpg,504,370,646,370,663,453,521,453,504,370
image_0013.jpg,497,399,641,405,673,475,529,469,497,399
image_0014.jpg,196,376,336,376,353,451,213,451,196,376
image_0015.jpg,468,350,608,348,622,422,482,424,468,350
image_0016.jpg,411,356,561,344,530,422,380,434,411,356
image_0017.jpg,347,372,491,378,524,454,380,448,347,372
image_0018.jpg,438,402,580,404,595,474,453,472,438,402
image_0019.jpg,485,366,627,374,657,454,515,446,485,366
image_0020.jpg,334,397,486,403,519,487,367,481,334,397
image_0021.jpg,426,390,566,392,580,468,440,466,426,390
image_0022.jpg,222,363,350,363,375,419,247,419,222,363
image_0023.jpg,368,353,498,355,538,413,408,411,368,353
image_0024.jpg,389,367,527,361,513,422,375,428,389,367
image_0025.jpg,389,368,519,370,528,433,398,431,389,368
image_0026.jpg,357,349,497,351,510,411,370,409,357,349
image_0027.jpg,376,363,504,363,516,420,388,420,376,363
image_0028.jpg,354,352,492,356,535,417,397,413,354,352
image_0029.jpg,339,365,471,363,495,422,363,424,339,365
image_0030.jpg,440,363,572,365,583,422,451,420,440,363
image_0031.jpg,463,364,607,366,619,433,475,431,463,364
image_0032.jpg,246,318,382,322,422,381,286,377,246,318
image_0033.jpg,231,415,371,417,414,474,274,472,231,415
image_0034.jpg,270,367,404,369,430,427,296,425,270,367
image_0035.jpg,243,351,377,347,404,404,270,408,243,351
image_0036.jpg,362,377,508,377,534,435,388,435,362,377
image_0038.jpg,366,367,498,369,509,430,377,428,366,367
image_0039.jpg,432,370,562,370,588,431,458,431,432,370
image_0040.jpg,229,390,361,392,372,448,240,446,229,390
image_0041.jpg,228,358,364,360,408,417,272,415,228,358
image_0042.jpg,468,376,612,378,624,459,480,457,468,376
image_0043.jpg,493,362,631,360,641,435,503,437,493,362
image_0044.jpg,223,376,361,374,372,451,234,453,223,376
image_0045.jpg,498,388,638,384,623,461,483,465,498,388
image_0046.jpg,474,383,610,379,597,457,461,461,474,383
image_0047.jpg,403,360,533,356,522,426,392,430,403,360
image_0049.jpg,470,363,610,361,622,443,482,445,470,363
image_0050.jpg,263,356,391,352,379,418,251,422,263,356
image_0051.jpg,562,375,700,371,688,441,550,445,562,375
image_0052.jpg,471,367,599,363,587,433,459,437,471,367
image_0053.jpg,516,343,664,337,651,417,503,423,516,343
image_0054.jpg,401,365,533,359,520,437,388,443,401,365
image_0055.jpg,547,368,693,364,677,451,531,455,547,368
image_0056.jpg,391,366,519,362,509,426,381,430,391,366
image_0057.jpg,481,374,619,368,607,437,469,443,481,374
image_0058.jpg,375,357,501,353,512,432,386,436,375,357
image_0059.jpg,517,365,659,361,645,430,503,434,517,365
image_0060.jpg,401,373,535,369,523,438,389,442,401,373
image_0061.jpg,500,357,634,355,621,421,487,423,500,357
image_0062.jpg,501,367,635,363,623,430,489,434,501,367
image_0063.jpg,402,358,534,354,522,419,390,423,402,358
image_0064.jpg,207,356,355,354,340,435,192,437,207,356
image_0065.jpg,575,375,715,373,702,442,562,444,575,375
image_0066.jpg,374,360,510,358,522,443,386,445,374,360
image_0067.jpg,399,369,527,363,516,431,388,437,399,369
image_0068.jpg,241,353,377,349,362,419,226,423,241,353
image_0069.jpg,361,360,497,358,511,436,375,438,361,360
image_0070.jpg,383,353,539,351,524,441,368,443,383,353
image_0071.jpg,323,341,477,343,512,433,358,431,323,341
image_0072.jpg,362,371,506,369,518,439,374,441,362,371
image_0074.jpg,349,358,505,360,520,449,364,447,349,358
image_0075.jpg,364,358,504,356,518,440,378,442,364,358
image_0076.jpg,283,360,453,360,517,455,347,455,283,360
image_0077.jpg,403,402,551,400,564,470,416,472,403,402
image_0078.jpg,311,362,457,362,512,433,366,433,311,362
image_0079.jpg,485,366,621,366,632,435,496,435,485,366
image_0080.jpg,346,352,494,352,509,438,361,438,346,352
image_0081.jpg,332,349,490,349,526,438,368,438,332,349
image_0082.jpg,494,385,626,387,636,454,504,452,494,385
image_0083.jpg,354,361,502,359,518,446,370,448,354,361
image_0084.jpg,248,360,408,358,372,448,212,450,248,360
image_0085.jpg,201,385,347,383,363,469,217,471,201,385
image_0086.jpg,382,359,526,357,511,446,367,448,382,359
image_0087.jpg,369,342,491,342,502,408,380,408,369,342
image_0088.jpg,461,396,597,398,609,467,473,465,461,396
image_0089.jpg,361,356,493,354,506,430,374,432,361,356
image_0091.jpg,463,371,585,371,598,443,476,443,463,371
image_0092.jpg,462,358,580,360,591,431,473,429,462,358
image_0093.jpg,369,357,499,355,513,434,383,436,369,357
image_0094.jpg,375,357,501,355,513,422,387,424,375,357
image_0095.jpg,370,346,494,350,504,420,380,416,370,346
image_0096.jpg,317,388,435,390,446,459,328,457,317,388
image_0097.jpg,273,381,397,385,408,456,284,452,273,381
image_0098.jpg,245,379,367,381,389,449,267,447,245,379
image_0099.jpg,372,348,492,348,504,422,384,422,372,348
image_0100.jpg,433,395,563,391,577,466,447,470,433,395
image_0101.jpg,191,315,313,317,324,386,202,384,191,315
image_0102.jpg,485,377,607,377,618,447,496,447,485,377
image_0103.jpg,374,345,498,345,509,419,385,419,374,345
image_0104.jpg,373,358,491,358,503,428,385,428,373,358
image_0105.jpg,422,384,544,392,567,461,445,453,422,384
image_0106.jpg,491,391,615,391,628,461,504,461,491,391
image_0107.jpg,488,375,606,373,619,440,501,442,488,375
image_0108.jpg,469,359,593,361,603,430,479,428,469,359
image_0109.jpg,502,380,626,380,614,451,490,451,502,380
image_0110.jpg,461,383,585,385,597,454,473,452,461,383
image_0111.jpg,377,342,499,342,512,414,390,414,377,342
image_0112.jpg,354,359,478,363,503,437,379,433,354,359
image_0113.jpg,355,354,491,358,500,430,364,426,355,354
image_0114.jpg,497,396,635,404,643,479,505,471,497,396
image_0115.jpg,196,431,338,429,350,504,208,506,196,431
image_0116.jpg,401,364,541,356,530,429,390,437,401,364
image_0117.jpg,238,386,378,382,391,452,251,456,238,386
image_0118.jpg,488,355,626,361,635,435,497,429,488,355
image_0119.jpg,351,371,493,371,505,444,363,444,351,371
image_0120.jpg,347,395,493,393,506,467,360,469,347,395
image_0121.jpg,340,359,472,365,494,436,362,430,340,359
image_0122.jpg,447,383,583,383,595,458,459,458,447,383
image_0123.jpg,335,362,479,372,504,445,360,435,335,362
image_0124.jpg,351,362,491,366,501,441,361,437,351,362
image_0125.jpg,388,372,532,364,521,437,377,445,388,372
image_0126.jpg,348,354,478,362,497,433,367,425,348,354
image_0127.jpg,334,359,484,371,492,455,342,443,334,359
image_0128.jpg,345,391,487,397,496,472,354,466,345,391
image_0129.jpg,447,396,585,400,595,475,457,471,447,396
image_0130.jpg,181,362,317,366,340,437,204,433,181,362
image_0131.jpg,481,380,613,386,621,458,489,452,481,380
image_0132.jpg,466,370,610,376,635,446,491,440,466,370
image_0133.jpg,207,370,353,364,341,441,195,447,207,370
image_0134.jpg,486,370,634,372,649,444,501,442,486,370
image_0135.jpg,538,367,694,365,680,457,524,459,538,367
image_0136.jpg,536,371,696,365,680,451,520,457,536,371
image_0137.jpg,535,367,687,361,672,447,520,453,535,367
image_0138.jpg,374,359,510,357,522,430,386,432,374,359
image_0139.jpg,474,351,610,351,623,428,487,428,474,351
image_0140.jpg,364,368,496,370,508,443,376,441,364,368
image_0141.jpg,461,356,597,352,583,415,447,419,461,356
image_0142.jpg,492,346,626,348,637,425,503,423,492,346
image_0143.jpg,487,344,627,344,656,415,516,415,487,344
image_0144.jpg,562,369,696,365,683,439,549,443,562,369
image_0145.jpg,351,363,483,367,497,440,365,436,351,363
image_0146.jpg,357,374,497,372,510,444,370,446,357,374
image_0147.jpg,211,363,341,363,353,436,223,436,211,363
image_0148.jpg,265,331,391,335,402,410,276,406,265,331
image_0149.jpg,364,352,500,354,513,426,377,424,364,352
image_0150.jpg,208,338,342,340,372,414,238,412,208,338
image_0151.jpg,484,331,608,335,629,400,505,396,484,331
image_0152.jpg,366,379,502,381,513,457,377,455,366,379
image_0153.jpg,377,362,511,362,522,437,388,437,377,362
image_0154.jpg,374,369,506,371,517,447,385,445,374,369
image_0155.jpg,335,377,459,381,483,446,359,442,335,377
image_0156.jpg,540,350,678,352,690,431,552,429,540,350
image_0157.jpg,372,386,500,388,510,456,382,454,372,386
image_0158.jpg,342,362,486,362,519,437,375,437,342,362
image_0159.jpg,384,337,488,337,508,394,404,394,384,337
image_0160.jpg,390,302,480,302,497,356,407,356,390,302
image_0161.jpg,367,317,483,315,495,395,379,397,367,317
image_0162.jpg,386,305,486,305,506,372,406,372,386,305
image_0163.jpg,387,321,491,319,500,379,396,381,387,321
image_0164.jpg,412,330,536,324,511,401,387,407,412,330
image_0165.jpg,398,312,506,310,517,384,409,386,398,312
image_0166.jpg,374,378,540,372,524,452,358,458,374,378
image_0167.jpg,250,364,398,358,385,431,237,437,250,364
image_0168.jpg,258,379,418,369,407,446,247,456,258,379
image_0169.jpg,224,377,372,371,360,446,212,452,224,377
image_0171.jpg,449,377,619,385,633,470,463,462,449,377
image_0172.jpg,136,363,286,381,349,457,199,439,136,363
image_0173.jpg,489,371,667,365,653,452,475,458,489,371
image_0174.jpg,390,355,532,361,543,438,401,432,390,355
image_0175.jpg,404,345,586,349,604,444,422,440,404,345
image_0176.jpg,439,374,589,378,601,451,451,447,439,374
image_0177.jpg,440,381,598,395,610,490,452,476,440,381
image_0178.jpg,432,366,588,378,617,471,461,459,432,366
image_0179.jpg,200,374,342,380,353,452,211,446,200,374
image_0180.jpg,363,353,515,365,542,440,390,428,363,353
image_0181.jpg,321,367,471,383,499,458,349,442,321,367
image_0182.jpg,315,355,483,365,525,461,357,451,315,355
image_0183.jpg,352,358,496,366,522,434,378,426,352,358
image_0184.jpg,202,359,364,361,383,459,221,457,202,359
image_0185.jpg,376,357,530,351,519,426,365,432,376,357
image_0186.jpg,356,375,520,377,536,475,372,473,356,375
image_0187.jpg,177,358,349,370,364,473,192,461,177,358
image_0188.jpg,340,355,500,361,516,447,356,441,340,355
image_0189.jpg,329,367,495,373,511,471,345,465,329,367
image_0190.jpg,356,352,486,364,501,430,371,418,356,352
image_0191.jpg,460,378,608,382,620,452,472,448,460,378
image_0192.jpg,368,344,514,338,503,410,357,416,368,344
image_0193.jpg,354,370,500,376,513,463,367,457,354,370
image_0194.jpg,429,326,583,334,597,427,443,419,429,326
image_0196.jpg,478,353,616,353,631,424,493,424,478,353
image_0197.jpg,292,372,430,366,419,429,281,435,292,372
image_0198.jpg,377,366,511,364,524,426,390,428,377,366
image_0199.jpg,267,352,405,344,391,409,253,417,267,352
image_0200.jpg,193,374,325,370,339,433,207,437,193,374
image_0201.jpg,318,365,448,365,435,427,305,427,318,365
image_0202.jpg,512,354,648,350,636,415,500,419,512,354
image_0203.jpg,416,355,548,351,537,413,405,417,416,355
image_0204.jpg,379,362,517,356,503,419,365,425,379,362
image_0205.jpg,450,356,592,358,622,427,480,425,450,356
image_0206.jpg,482,339,616,339,629,402,495,402,482,339
image_0207.jpg,368,369,500,367,513,429,381,431,368,369
image_0208.jpg,500,376,632,372,621,435,489,439,500,376
image_0209.jpg,551,364,691,358,677,422,537,428,551,364
image_0211.jpg,266,373,396,373,408,438,278,438,266,373
image_0212.jpg,500,349,638,347,623,414,485,416,500,349
image_0213.jpg,243,354,371,356,358,415,230,413,243,354
image_0214.jpg,360,365,494,365,521,425,387,425,360,365
image_0215.jpg,539,381,671,377,686,439,554,443,539,381
image_0216.jpg,519,355,647,351,635,415,507,419,519,355
image_0217.jpg,342,382,506,376,525,444,361,450,342,382
image_0218.jpg,353,374,495,372,510,442,368,444,353,374
image_0219.jpg,198,367,346,373,379,453,231,447,198,367
image_0220.jpg,488,373,650,375,689,458,527,456,488,373
image_0221.jpg,462,362,614,358,600,432,448,436,462,362
image_0222.jpg,324,374,480,374,518,445,362,445,324,374
image_0223.jpg,322,368,492,368,534,448,364,448,322,368
image_0224.jpg,451,385,615,387,654,463,490,461,451,385
image_0225.jpg,358,367,514,369,531,449,375,447,358,367
image_0226.jpg,254,329,404,325,389,407,239,411,254,329
image_0227.jpg,365,359,523,359,540,442,382,442,365,359
image_0228.jpg,355,366,509,368,524,444,370,442,355,366
image_0229.jpg,385,372,529,368,514,438,370,442,385,372
image_0230.jpg,347,378,499,374,515,442,363,446,347,378
image_0231.jpg,408,351,568,351,605,426,445,426,408,351
image_0232.jpg,360,362,506,360,522,435,376,437,360,362
image_0233.jpg,404,389,570,393,609,469,443,465,404,389
image_0234.jpg,394,363,542,355,530,432,382,440,394,363
image_0235.jpg,402,363,570,361,529,453,361,455,402,363
image_0236.jpg,330,349,486,349,522,429,366,429,330,349
image_0237.jpg,364,346,508,346,520,427,376,427,364,346
image_0238.jpg,370,365,514,365,529,443,385,443,370,365
image_0239.jpg,351,398,507,400,521,478,365,476,351,398
image_0240.jpg,394,345,544,339,531,422,381,428,394,345
image_0241.jpg,270,370,424,372,438,459,284,457,270,370
image_0242.jpg,456,380,574,378,585,441,467,443,456,380
image_0243.jpg,398,356,512,352,503,416,389,420,398,356
image_0244.jpg,267,395,389,393,401,453,279,455,267,395
image_0245.jpg,234,388,354,384,367,449,247,453,234,388
image_0246.jpg,429,373,551,371,564,436,442,438,429,373
image_0247.jpg,327,398,449,394,460,457,338,461,327,398
image_0248.jpg,376,352,494,352,518,425,400,425,376,352
image_0250.jpg,375,464,485,456,477,516,367,524,375,464
image_0251.jpg,233,372,351,368,364,433,246,437,233,372
image_0252.jpg,470,407,584,405,597,469,483,471,470,407
image_0253.jpg,261,379,383,377,396,440,274,442,261,379
image_0254.jpg,449,406,569,402,582,466,462,470,449,406
image_0255.jpg,386,392,506,388,518,453,398,457,386,392
image_0256.jpg,497,397,623,393,636,459,510,463,497,397
image_0257.jpg,305,392,417,386,406,448,294,454,305,392
image_0258.jpg,371,363,489,361,501,424,383,426,371,363
image_0259.jpg,238,367,352,365,364,429,250,431,238,367
image_0260.jpg,482,375,598,371,611,432,495,436,482,375
image_0261.jpg,365,380,487,378,500,441,378,443,365,380
image_0262.jpg,332,402,456,400,445,466,321,468,332,402
image_0263.jpg,376,340,492,338,504,404,388,406,376,340
image_0264.jpg,218,391,350,393,362,460,230,458,218,391
image_0266.jpg,156,383,296,387,341,460,201,456,156,383
image_0267.jpg,411,407,555,411,598,482,454,478,411,407
image_0268.jpg,464,392,594,398,645,467,515,461,464,392
image_0269.jpg,362,369,486,373,506,446,382,442,362,369
image_0270.jpg,372,364,500,372,521,448,393,440,372,364
image_0271.jpg,397,402,527,408,537,488,407,482,397,402
image_0272.jpg,363,364,493,368,502,442,372,438,363,364
image_0273.jpg,234,404,358,406,366,479,242,477,234,404
image_0274.jpg,441,382,585,384,598,470,454,468,441,382
image_0275.jpg,365,367,493,373,502,445,374,439,365,367
image_0276.jpg,370,426,490,430,499,505,379,501,370,426
image_0277.jpg,370,366,502,368,512,437,380,435,370,366
image_0278.jpg,500,365,632,369,643,449,511,445,500,365
image_0279.jpg,263,380,387,382,408,454,284,452,263,380
image_0280.jpg,363,369,487,371,497,445,373,443,363,369
image_0281.jpg,294,398,420,406,440,476,314,468,294,398
image_0283.jpg,198,384,330,388,340,457,208,453,198,384
image_0284.jpg,440,428,570,434,592,511,462,505,440,428
image_0285.jpg,289,374,435,372,421,460,275,462,289,374
image_0286.jpg,492,374,622,374,634,445,504,445,492,374
image_0287.jpg,365,368,489,370,499,443,375,441,365,368
image_0288.jpg,234,361,368,363,380,437,246,435,234,361
image_0289.jpg,364,382,502,380,516,458,378,460,364,382
image_0290.jpg,343,379,485,377,499,453,357,455,343,379
image_0291.jpg,387,374,525,368,515,443,377,449,387,374
image_0292.jpg,496,369,632,367,649,444,513,446,496,369
image_0293.jpg,476,383,612,383,627,459,491,459,476,383
image_0294.jpg,480,376,616,372,606,450,470,454,480,376
image_0295.jpg,169,371,299,373,312,446,182,444,169,371
image_0296.jpg,386,376,530,370,516,449,372,455,386,376
image_0297.jpg,478,362,612,364,626,443,492,441,478,362
image_0298.jpg,205,349,347,351,359,432,217,430,205,349
image_0299.jpg,488,374,628,384,651,460,511,450,488,374
image_0300.jpg,433,367,571,373,583,451,445,445,433,367
image_0301.jpg,379,376,521,374,506,453,364,455,379,376
image_0302.jpg,395,369,533,363,521,440,383,446,395,369
image_0303.jpg,366,374,506,374,520,450,380,450,366,374
image_0304.jpg,226,368,358,366,374,443,242,445,226,368
image_0305.jpg,259,383,393,381,382,459,248,461,259,383
image_0306.jpg,469,371,607,363,596,440,458,448,469,371
image_0307.jpg,500,373,636,375,651,450,515,448,500,373
image_0308.jpg,488,395,638,395,655,484,505,484,488,395
image_0309.jpg,373,369,517,367,532,432,388,434,373,369
image_0310.jpg,354,374,490,372,507,436,371,438,354,374
image_0311.jpg,276,366,420,360,387,447,243,453,276,366
image_0312.jpg,470,352,610,350,625,431,485,433,470,352
image_0313.jpg,319,432,449,424,437,506,307,514,319,432
image_0314.jpg,373,383,495,379,509,464,387,468,373,383
image_0315.jpg,363,380,511,374,528,460,380,466,363,380
image_0316.jpg,308,364,466,364,525,455,367,455,308,364
image_0317.jpg,515,376,655,372,641,449,501,453,515,376
image_0318.jpg,416,373,580,375,618,463,454,461,416,373
image_0319.jpg,248,362,410,356,369,456,207,462,248,362
image_0321.jpg,404,365,556,359,494,435,342,441,404,365
image_0322.jpg,424,373,580,373,635,446,479,446,424,373
image_0323.jpg,480,384,628,384,663,457,515,457,480,384
image_0324.jpg,212,327,346,321,335,403,201,409,212,327
image_0325.jpg,390,376,526,366,518,443,382,453,390,376
image_0326.jpg,515,366,679,366,718,459,554,459,515,366
image_0328.jpg,421,284,491,286,501,340,431,338,421,284
image_0329.jpg,439,283,519,281,533,341,453,343,439,283
image_0330.jpg,515,286,589,286,599,337,525,337,515,286
image_0331.jpg,388,276,468,272,458,324,378,328,388,276
image_0332.jpg,392,270,470,266,458,323,380,327,392,270
image_0333.jpg,425,276,497,274,503,322,431,324,425,276
image_0334.jpg,421,298,491,298,495,351,425,351,421,298
image_0335.jpg,426,262,502,260,491,310,415,312,426,262
image_0336.jpg,447,314,525,312,506,368,428,370,447,314
image_0337.jpg,383,382,531,378,522,451,374,455,383,382
image_0338.jpg,466,371,604,367,595,433,457,437,466,371
image_0339.jpg,357,369,503,369,517,448,371,448,357,369
image_0340.jpg,396,383,546,373,538,444,388,454,396,383
image_0341.jpg,452,346,602,350,618,441,468,437,452,346
image_0342.jpg,481,375,637,367,626,466,470,474,481,375
image_0343.jpg,462,359,600,357,590,446,452,448,462,359
image_0344.jpg,443,392,587,388,577,480,433,484,443,392
image_0345.jpg,378,374,530,366,521,461,369,469,378,374
image_0346.jpg,387,366,531,362,519,432,375,436,387,366
image_0347.jpg,381,367,531,363,520,435,370,439,381,367
image_0348.jpg,456,357,596,357,611,443,471,443,456,357
image_0349.jpg,190,355,330,349,322,420,182,426,190,355
image_0350.jpg,346,366,486,366,514,447,374,447,346,366
image_0351.jpg,377,358,527,350,516,420,366,428,377,358
image_0352.jpg,372,375,520,373,508,445,360,447,372,375
image_0353.jpg,332,425,488,411,478,507,322,521,332,425
image_0354.jpg,345,361,489,359,504,442,360,444,345,361
image_0355.jpg,300,382,442,380,431,461,289,463,300,382
image_0356.jpg,386,348,532,348,520,436,374,436,386,348
image_0357.jpg,468,417,630,413,615,491,453,495,468,417
image_0358.jpg,216,403,360,403,373,479,229,479,216,403
image_0359.jpg,276,432,426,432,412,507,262,507,276,432
image_0360.jpg,383,373,523,365,513,435,373,443,383,373
image_0361.jpg,318,413,474,415,508,504,352,502,318,413
image_0362.jpg,368,354,506,366,529,441,391,429,368,354
image_0363.jpg,458,382,624,360,545,447,379,469,458,382
image_0364.jpg,434,377,582,359,515,438,367,456,434,377
image_0365.jpg,326,331,472,343,540,415,394,403,326,331
image_0366.jpg,335,371,479,375,490,449,346,445,335,371
image_0367.jpg,294,392,444,414,512,496,362,474,294,392
image_0368.jpg,349,386,485,386,498,460,362,460,349,386
image_0369.jpg,371,362,521,354,507,431,357,439,371,362
image_0370.jpg,373,352,521,342,509,418,361,428,373,352
image_0371.jpg,350,435,518,417,445,504,277,522,350,435
image_0372.jpg,490,376,648,362,573,442,415,456,490,376
image_0373.jpg,384,381,544,391,609,470,449,460,384,381
image_0374.jpg,310,337,458,349,483,443,335,431,310,337
image_0375.jpg,372,362,508,356,497,430,361,436,372,362
image_0376.jpg,489,388,637,364,570,450,422,474,489,388
image_0377.jpg,361,389,495,389,508,463,374,463,361,389
image_0378.jpg,506,394,642,396,656,468,520,466,506,394
image_0379.jpg,464,399,608,403,622,480,478,476,464,399
image_0380.jpg,397,399,529,395,518,468,386,472,397,399
image_0381.jpg,254,413,390,413,375,487,239,487,254,413
image_0382.jpg,378,403,520,397,508,475,366,481,378,403
image_0383.jpg,267,432,399,434,412,505,280,503,267,432
image_0384.jpg,488,429,612,433,623,506,499,502,488,429
image_0385.jpg,457,425,585,427,598,499,470,497,457,425
image_0386.jpg,384,394,520,390,505,462,369,466,384,394
image_0387.jpg,224,399,366,399,351,475,209,475,224,399
image_0388.jpg,469,391,609,395,622,474,482,470,469,391
image_0389.jpg,457,429,589,431,602,503,470,501,457,429
image_0390.jpg,262,388,396,384,384,458,250,462,262,388
image_0391.jpg,483,392,613,392,625,466,495,466,483,392
image_0392.jpg,457,409,589,407,577,481,445,483,457,409
image_0393.jpg,379,406,509,410,536,482,406,478,379,406
image_0394.jpg,250,414,376,412,388,482,262,484,250,414
image_0395.jpg,529,388,657,388,668,459,540,459,529,388
image_0396.jpg,279,422,407,414,396,487,268,495,279,422
image_0397.jpg,386,382,530,374,519,453,375,461,386,382
image_0398.jpg,459,407,585,409,597,482,471,480,459,407
image_0399.jpg,386,370,540,382,586,466,432,454,386,370
image_0400.jpg,463,405,607,407,633,472,489,470,463,405
image_0401.jpg,466,365,604,359,618,419,480,425,466,365
image_0402.jpg,402,390,568,386,553,467,387,471,402,390
image_0403.jpg,437,383,585,375,550,452,402,460,437,383
image_0404.jpg,215,365,347,367,358,441,226,439,215,365
image_0405.jpg,467,373,595,377,604,449,476,445,467,373
image_0406.jpg,433,362,559,368,566,459,440,453,433,362
image_0408.jpg,439,364,567,368,577,441,449,437,439,364
image_0409.jpg,365,377,495,379,506,450,376,448,365,377
image_0410.jpg,449,370,575,368,585,440,459,442,449,370
image_0411.jpg,366,395,490,395,502,463,378,463,366,395
image_0412.jpg,486,369,614,369,625,439,497,439,486,369
image_0413.jpg,450,416,580,418,588,489,458,487,450,416
image_0414.jpg,366,373,498,373,510,445,378,445,366,373
image_0415.jpg,371,376,495,376,504,448,380,448,371,376
image_0416.jpg,463,400,597,400,608,474,474,474,463,400
image_0417.jpg,441,379,573,377,585,449,453,451,441,379
image_0418.jpg,461,413,593,411,605,483,473,485,461,413
image_0419.jpg,361,388,491,390,502,463,372,461,361,388
image_0420.jpg,364,377,496,377,508,450,376,450,364,377
image_0421.jpg,380,381,506,379,517,448,391,450,380,381
image_0422.jpg,358,373,486,373,496,443,368,443,358,373
image_0423.jpg,475,392,603,394,614,465,486,463,475,392
image_0424.jpg,479,362,603,360,594,429,470,431,479,362
image_0425.jpg,465,389,587,391,598,462,476,460,465,389
image_0426.jpg,353,387,487,389,499,461,365,459,353,387
image_0427.jpg,437,398,565,398,574,468,446,468,437,398
image_0428.jpg,483,356,615,356,627,422,495,422,483,356
image_0429.jpg,272,411,404,407,394,471,262,475,272,411
image_0430.jpg,486,433,622,429,612,495,476,499,486,433
image_0431.jpg,378,369,520,369,509,435,367,435,378,369
image_0432.jpg,487,369,625,367,616,432,478,434,487,369
image_0433.jpg,376,361,512,361,501,426,365,426,376,361
image_0434.jpg,377,377,515,375,505,441,367,443,377,377
image_0435.jpg,397,463,543,461,533,530,387,532,397,463
image_0436.jpg,376,379,518,377,531,443,389,445,376,379
image_0437.jpg,395,376,539,372,529,439,385,443,395,376
image_0438.jpg,387,368,521,362,512,428,378,434,387,368
image_0439.jpg,469,421,603,417,594,481,460,485,469,421
image_0440.jpg,322,408,460,404,450,470,312,474,322,408
image_0441.jpg,372,378,510,374,499,439,361,443,372,378
image_0442.jpg,359,384,499,384,512,450,372,450,359,384
image_0443.jpg,375,363,515,359,504,427,364,431,375,363
image_0444.jpg,474,378,608,374,600,440,466,444,474,378
image_0445.jpg,387,378,533,372,523,440,377,446,387,378
image_0446.jpg,583,394,721,390,711,456,573,460,583,394
image_0447.jpg,539,390,675,388,689,454,553,456,539,390
image_0448.jpg,269,382,415,378,405,446,259,450,269,382
image_0449.jpg,370,376,510,374,500,443,360,445,370,376
image_0450.jpg,389,383,523,377,516,443,382,449,389,383
